Günler;
Çarşamba;
Salı;-0,026044204
Pazartesi;-0,000475343
Cuma;-0,01806364
Perşembe;0,023818861
Çarşamba;-0,003816578
Salı;-0,015424871
Pazartesi;-0,016429562
Cuma;-0,010392872
Perşembe;-0,000259052
Çarşamba;-0,017329524
Salı;-0,012639293
Pazartesi;0,009970302
Cuma;-0,038310696
Perşembe;-0,008236451
Çarşamba;-0,000597079
Salı;-0,005216496
Pazartesi;-0,004404228
Cuma;-0,015632514
Perşembe;-0,005013843
Çarşamba;-0,018343615
Salı;-0,009077749
Pazartesi;0,002130731
Perşembe;-0,009338406
Çarşamba;-0,001834748
Salı;-0,006637083
Pazartesi;-0,010839077
Cuma;-0,008745843
Perşembe;-0,016700271
Çarşamba;-0,015663947
Salı;-0,002061028
Pazartesi;-0,008533704
Cuma;-0,005758241
Perşembe;0,001552471
Çarşamba;0,001267127
Salı;0,002317727
Pazartesi;-0,000367086
Cuma;-0,013005193
Perşembe;-0,000772831
Çarşamba;-0,018226257
Salı;0,014446537
Pazartesi;0,001952607
Cuma;0,00507185
Perşembe;0,003511587
Çarşamba;-0,010342049
Salı;-0,005872431
Pazartesi;0,005743104
Cuma;-0,005085697
Perşembe;0,012045484
Çarşamba;0,004272111
Salı;-0,015646186
Pazartesi;0,004536429
Cuma;0,019578478
Perşembe;-0,000986798
Çarşamba;0,004180161
Salı;0,007318812
Pazartesi;0,002680397
Cuma;0,000305874
Perşembe;0,009649413
Çarşamba;-0,013040108
Salı;0,014464056
Pazartesi;0,013640951
Cuma;-0,004110912
Perşembe;0,007090087
Çarşamba;-0,003379331
Salı;-0,001398412
Cuma;-0,009446202
Perşembe;-0,006681026
Çarşamba;0,003294487
Salı;0,008625734
Pazartesi;-0,00448514
Cuma;-0,010124193
Perşembe;-0,003307347
Çarşamba;0,006734871
Salı;0,008312543
Pazartesi;-0,004415593
Cuma;-0,005243063
Perşembe;-0,002199095
Çarşamba;-0,023529014
Salı;0,018671132
Pazartesi;-0,003379712
Cuma;0,001499632
Perşembe;-0,002079162
Çarşamba;-0,012637311
Salı;-0,003535738
Pazartesi;-0,006523171
Cuma;-0,004827121
Perşembe;-0,000912176
Çarşamba;-0,022446889
Salı;-0,000882256
Pazartesi;-0,007708647
Pazartesi;0,001836561
Cuma;0,008611884
Çarşamba;0,002907862
Salı;-0,015040315
Pazartesi;0,007485796
Cuma;0,015589441
Perşembe;-0,003852785
Çarşamba;0,012737366
Salı;-0,005769607
Pazartesi;0,007249907
Cuma;-0,011533687
Perşembe;-0,002829659
Çarşamba;-0,012047985
Salı;0,01123908
Pazartesi;0,001151218
Cuma;0,013460789
Perşembe;0,013508849
Çarşamba;-0,00600043
Salı;0,005333915
Pazartesi;-0,008068781
Cuma;-0,005348488
Perşembe;0,016462597
Çarşamba;0,012061465
Salı;0,007829204
Pazartesi;0,008070991
Cuma;0,004535
Perşembe;-0,00286543
Çarşamba;-0,005168895
Salı;-0,001090874
Pazartesi;-0,000352372
Cuma;-0,009826434
Perşembe;-0,003355403
Çarşamba;0,001818907
Salı;0,000915198
Pazartesi;-0,008098119
Cuma;0,001104642
Perşembe;-0,004955792
Çarşamba;0,008465652
Salı;-0,018987017
Pazartesi;0,036436509
Cuma;-0,000234158
Perşembe;-0,001392307
Salı;0,006702461
Pazartesi;-0,003651568
Çarşamba;-0,008924005
Salı;0,002453054
Pazartesi;0,011033332
Cuma;-0,013486386
Perşembe;-0,009480528
Çarşamba;-0,005428899
Salı;-0,002644338
Pazartesi;0,00345387
Cuma;-0,016552523
Perşembe;0,002643482
Çarşamba;-0,011200398
Salı;0,004384598
Pazartesi;-0,013015368
Perşembe;-0,021220663
Çarşamba;-0,010965752
Salı;0,025812432
Pazartesi;0,008722024
Cuma;0,022195449
Perşembe;-0,000269896
Çarşamba;0,001015283
Salı;-0,02211343
Pazartesi;-0,001786311
Cuma;0,01251664
Perşembe;0,016592368
Çarşamba;0,000945513
Salı;0,001902427
Pazartesi;0,015000369
Cuma;-0,008265344
Perşembe;-0,002541351
Çarşamba;-0,024718374
Salı;0,002912986
Pazartesi;-0,002309602
Cuma;-0,007510703
Perşembe;0,008795271
Çarşamba;0,013888024
Salı;-0,026104109
Pazartesi;0,001320429
Cuma;0,103067514
Perşembe;0,014247364
Çarşamba;0,00718272
Salı;0,005305628
Pazartesi;-0,009565349
Cuma;0,001233592
Perşembe;-0,000578057
Çarşamba;0,005414198
Salı;-0,010141091
Pazartesi;-0,012262203
Cuma;0,007623114
Perşembe;-0,002558426
Çarşamba;-0,004555104
Salı;-0,001457579
Pazartesi;-0,000896518
Cuma;-0,037392146
Perşembe;0,011366523
Çarşamba;-0,003493506
Salı;0,023220899
Pazartesi;0,021346954
Cuma;0,006255344
Perşembe;-0,008967631
Çarşamba;-0,003770656
Salı;0,001446451
Pazartesi;0,012668792
Cuma;-0,015511787
Perşembe;0,004636798
Çarşamba;0,00098296
Salı;-0,00197984
Pazartesi;-0,005937087
Cuma;-0,005055398
Perşembe;0,005048883
Çarşamba;-0,000879923
Salı;-0,014529087
Pazartesi;-0,012637158
Cuma;-0,012812475
Perşembe;0,016737891
Çarşamba;-0,021124981
Salı;0,046033748
Pazartesi;0,002665524
Cuma;0,001453291
Perşembe;0,00589526
Çarşamba;0,011394199
Salı;-0,002769307
Pazartesi;-0,005279052
Cuma;-0,020953234
Perşembe;0,014399045
Çarşamba;0,008165203
Salı;-0,006272517
Pazartesi;-0,008646334
Cuma;0,002873117
Perşembe;-0,011995508
Çarşamba;-0,011111005
Salı;-0,010591155
Pazartesi;0,003933017
Perşembe;-0,012590379
Çarşamba;0,002157863
Salı;-0,013757191
Pazartesi;-0,014074148
Cuma;-0,009255577
Perşembe;-2,10376E-05
Çarşamba;-0,005865697
Salı;-0,008991675
Pazartesi;-0,014727448
Cuma;0,017109002
Perşembe;-0,006382515
Çarşamba;-0,004950204
Salı;0,002116327
Pazartesi;-0,004921075
Cuma;-0,012938479
Perşembe;-0,012731169
Çarşamba;-0,002248788
Salı;-0,00775408
Pazartesi;-0,00748377
Cuma;0,000729112
Perşembe;-1,50279E-05
Çarşamba;-0,004035633
Salı;-0,000150899
Pazartesi;-0,031978254
Cuma;0,03457055
Perşembe;0,0103025
Çarşamba;-0,012758985
Salı;-0,003393228
Pazartesi;-0,005107725
Cuma;0,007353532
Perşembe;-0,008289865
Çarşamba;-0,014035372
Salı;-0,027404982
Pazartesi;0,026067892
Cuma;-0,001315647
Perşembe;-0,015247814
Çarşamba;0,005856612
Salı;-0,028722705
Pazartesi;-0,009262394
Cuma;-0,032666408
Perşembe;-0,010067624
Çarşamba;-0,010538206
Salı;-0,014614039
Pazartesi;-0,014989555
Cuma;-0,018896714
Çarşamba;0,013057488
Salı;0,022495926
Pazartesi;-0,007122116
Cuma;0,039558407
Perşembe;0,006437997
Çarşamba;0,01094694
Salı;-0,00090837
Pazartesi;-0,004172571
Cuma;-0,010541776
Perşembe;-0,010366018
Çarşamba;0,007477712
Salı;-0,012343695
Pazartesi;0,003102359
Cuma;-0,01079339
Perşembe;-0,013133826
Çarşamba;0,001667463
Salı;0,001127435
Pazartesi;0,00604905
Cuma;-0,013601049
Perşembe;-0,001328358
Çarşamba;0,001511743
Salı;-0,019387953
Pazartesi;-0,001853486
Cuma;0,002672203
Perşembe;-0,004109235
Çarşamba;-0,015219377
Salı;-0,00590321
Pazartesi;-0,008363957
Cuma;0,022675017
Perşembe;-0,001169791
Çarşamba;-0,003201417
Salı;0,003723492
Pazartesi;-0,00356092
Cuma;-0,004153871
Perşembe;-0,003306449
Çarşamba;0,000563959
Salı;-0,009208572
Pazartesi;0,00659531
Cuma;-0,009610129
Perşembe;-0,00922944
Çarşamba;0,007008477
Salı;0,001180213
Pazartesi;-0,006081912
Cuma;0,02013688
Perşembe;0,007585532
Çarşamba;-0,008976713
Salı;-0,006261487
Pazartesi;0,014796235
Cuma;0,00129828
Perşembe;0,015129856
Çarşamba;-0,001856532
Salı;-0,029093191
Pazartesi;-0,005746667
Cuma;-0,002184302
Perşembe;0,015045451
Çarşamba;0,012572193
Salı;-0,003713649
Pazartesi;-0,031600794
Cuma;-0,013978909
Perşembe;-0,025003809
Çarşamba;0,054006162
Salı;-0,004258919
Perşembe;0,035901709
Çarşamba;0,007646615
Salı;0,014989902
Pazartesi;0,036599681
Cuma;-0,003057351
Perşembe;-0,00143557
Çarşamba;-0,008021603
Salı;-0,000321868
Pazartesi;0,010441561
Cuma;-0,004158499
Perşembe;0,00018519
Salı;-0,009021448
Pazartesi;0,00557298
Cuma;-0,030790398
Perşembe;0,008542872
Çarşamba;0,024896065
Salı;0,005259367
Pazartesi;-0,007181812
Cuma;-0,023370956
Perşembe;0,009971886
Çarşamba;-0,013719786
Salı;0,010438328
Pazartesi;-0,005870016
Cuma;-0,01019483
Perşembe;-0,004623993
Çarşamba;0,002712305
Salı;0,007746309
Pazartesi;-0,001292679
Cuma;-0,013793804
Perşembe;-0,009880358
Çarşamba;-0,013919262
Salı;0
Pazartesi;-0,012553681
Cuma;0,002543406
Perşembe;-0,006210349
Çarşamba;0,005700363
Salı;-0,00494942
Pazartesi;0,003655075
Cuma;0,003505437
Perşembe;-0,004417954
Çarşamba;-0,003896679
Salı;-0,009336741
Pazartesi;-0,007717241
Cuma;-0,016411222
Perşembe;-0,001517451
Çarşamba;-0,003860899
Cuma;-0,018560188
Perşembe;-0,003646569
Çarşamba;-0,004794767
Pazartesi;-0,001714502
Cuma;-0,021958642
Perşembe;-0,005780043
Çarşamba;0,009691476
Salı;-0,005436129
Pazartesi;-0,01848002
Cuma;0,00054182
Perşembe;0,005646047
Çarşamba;0,001746459
Salı;0,001692777
Pazartesi;0,001052738
Perşembe;0,022686417
Çarşamba;0,004785288
Salı;-0,008779011
Pazartesi;0,005545282
Cuma;-0,025078054
Çarşamba;-0,005971683
Salı;-0,005638709
Pazartesi;0,0135021
Cuma;-0,007771718
Perşembe;-0,019863945
Çarşamba;-0,004101951
Salı;0,027727401
Pazartesi;-0,022068205
Cuma;0,000746617
Perşembe;-0,006624917
Çarşamba;-0,027601602
Salı;-0,009083772
Pazartesi;-0,003372136
Cuma;-0,02772939
Perşembe;-0,000469106
Çarşamba;-0,004770553
Salı;0,006255301
Pazartesi;-0,017839227
Cuma;0,000749217
Perşembe;0,037888675
Çarşamba;-0,027300952
Salı;0,002500716
Pazartesi;-0,05810361
Cuma;0,018231295
Perşembe;-0,007029639
Çarşamba;0,004473809
Salı;0,013936578
Pazartesi;0,012710143
Cuma;0,084161843
Perşembe;-0,020778157
Çarşamba;0,075336863
Salı;0,000960258
Pazartesi;0,024059385
Cuma;0,057043029
Perşembe;0,019999221
Çarşamba;-0,009254334
Salı;0,003801943
Pazartesi;-0,035671488
Cuma;-0,012339353
Perşembe;0,040890675
Çarşamba;0,042144816
Salı;-0,007022892
Pazartesi;0,003700572
Cuma;0,017615667
Perşembe;-0,010212115
Çarşamba;0,030269985
Salı;0,00316623
Pazartesi;0,010134632
Cuma;-0,005320773
Perşembe;0,003240659
Çarşamba;-0,004089951
Salı;-0,002093002
Pazartesi;-0,012228253
Cuma;0,022335767
Perşembe;0,010431703
Çarşamba;0,000302529
Salı;-0,001513559
Pazartesi;-0,02397175
Cuma;-0,000864156
Perşembe;0,005941689
Çarşamba;-0,001344249
Salı;0,000943668
Pazartesi;0,002900582
Cuma;0,01644334
Perşembe;0,003253205
Çarşamba;0,001687819
Salı;0,006569168
Pazartesi;-0,007604352
Cuma;-0,009381662
Perşembe;-0,00390967
Çarşamba;-0,000512524
Salı;0,003994031
Pazartesi;-0,009715724
Cuma;-0,013268623
Perşembe;-0,005696095
Çarşamba;-0,044310004
Salı;-0,002448155
Pazartesi;-0,010597698
Cuma;0,020178652
Perşembe;0,019581143
Salı;-0,013084226
Pazartesi;0,00287112
Cuma;-0,009368037
Perşembe;-0,000272723
Çarşamba;-0,002854854
Salı;-0,001554208
Pazartesi;-0,008680733
Cuma;-0,008936626
Perşembe;-0,005212478
Çarşamba;-0,000217024
Salı;0,004502622
Pazartesi;0,000468047
Cuma;-0,005857338
Perşembe;-0,00328208
Çarşamba;-0,02011653
Salı;0,00082433
Pazartesi;0,007149576
Cuma;0,000762675
Perşembe;-0,001930787
Çarşamba;-0,008855669
Salı;-0,00849458
Pazartesi;0,011303974
Cuma;-0,010237028
Perşembe;0,002074476
Çarşamba;-0,0120394
Salı;0,001312392
Pazartesi;-0,00568686
Cuma;0,011379092
Perşembe;0,002033807
Çarşamba;-0,000187275
Salı;0,006943111
Pazartesi;-0,006372033
Cuma;-0,013815681
Perşembe;-0,015289955
Çarşamba;0,010038002
Salı;-0,00819928
Pazartesi;-0,008247669
Cuma;0,000339359
Perşembe;0,00378332
Çarşamba;-0,023451399
Salı;-0,006138791
Pazartesi;-0,004356654
Cuma;-0,016368956
Perşembe;6,09347E-05
Çarşamba;0,002262112
Pazartesi;0,011544983
Cuma;0,003778984
Perşembe;0,001296357
Çarşamba;-0,005606343
Salı;-0,019214335
Pazartesi;-0,005757918
Cuma;0,011147613
Perşembe;-0,036411676
Çarşamba;-0,008030387
Salı;0,011837832
Pazartesi;-0,013496366
Cuma;0,052310004
Perşembe;-0,002507483
Çarşamba;0,008758856
Salı;0,021935493
Pazartesi;0,011071521
Cuma;0,004562701
Perşembe;-0,006594027
Çarşamba;0,007028867
Salı;0,003548941
Pazartesi;0,01106708
Cuma;0,001132336
Perşembe;-0,031022518
Çarşamba;0,006628951
Salı;-0,007541669
Pazartesi;-0,018091523
Cuma;0,002157218
Perşembe;0,001017071
Çarşamba;0,01573185
Salı;-0,004749809
Pazartesi;0,011203967
Cuma;0,004687311
Perşembe;-0,006082181
Çarşamba;-0,005137777
Salı;-0,006980608
Pazartesi;-0,006025249
Cuma;-0,01621343
Perşembe;0,012957801
Çarşamba;-0,002006439
Salı;-0,012579162
Pazartesi;-0,00489936
Perşembe;-0,01666184
Çarşamba;-0,008410129
Salı;0,001271244
Pazartesi;0,011091031
Cuma;0,000494209
Perşembe;-0,018230199
Çarşamba;0,001340904
Salı;0,005324882
Pazartesi;-0,007798574
Cuma;0,004690617
Perşembe;0,008787814
Cuma;0,028841088
Perşembe;-0,001983758
Çarşamba;-0,011679912
Salı;0,015462765
Pazartesi;-0,009190156
Cuma;0,01014367
Perşembe;0,022036917
Çarşamba;0,001784472
Salı;0,005899376
Pazartesi;0,006668018
Cuma;-0,005198596
Perşembe;-0,007731318
Çarşamba;0,013742175
Salı;-0,008747077
Pazartesi;-0,014407674
Cuma;0,007490007
Perşembe;-0,002782491
Çarşamba;-0,017480532
Salı;-0,01797515
Cuma;-0,009532374
Perşembe;0,023491696
Çarşamba;-0,008293354
Salı;-0,018158496
Pazartesi;0,019273662
Cuma;0,009479222
Perşembe;-0,002542498
Çarşamba;-0,0001912
Salı;0,008398358
Pazartesi;-0,004651474
Cuma;-0,033139139
Perşembe;-0,009497202
Çarşamba;-0,007793993
Salı;0,00620232
Pazartesi;-0,002507832
Cuma;-0,012262051
Perşembe;0,001445425
Çarşamba;0,000912942
Salı;-0,000265304
Pazartesi;-0,021119577
Cuma;-0,015986179
Perşembe;-0,003155203
Çarşamba;0,022993034
Salı;0,002372839
Pazartesi;0,013663154
Cuma;-0,003129127
Pazartesi;-0,037614056
Cuma;0,002697088
Perşembe;-0,006400837
Çarşamba;-0,031899227
Salı;-0,004690634
Pazartesi;-0,01431058
Cuma;0,006141602
Perşembe;-0,017297171
Çarşamba;-0,010946737
Salı;0,019351434
Pazartesi;0,016980784
Cuma;0,000288073
Perşembe;0,004689664
Çarşamba;0,002016222
Salı;0,00733172
Pazartesi;-0,019965553
Cuma;0,025742772
Perşembe;0,001726678
Çarşamba;0,017725293
Salı;0,013314897
Pazartesi;0,016263694
Cuma;0,010314223
Perşembe;0,002477078
Salı;0,013049052
Pazartesi;-0,009276143
Cuma;0,002619932
Perşembe;-0,003000816
Çarşamba;0,017237013
Pazartesi;-0,001967777
Cuma;0,009418473
Perşembe;0,000258069
Çarşamba;0,013501735
Salı;-0,0142968
Pazartesi;-0,016844061
Cuma;0,008212675
Perşembe;0,00099974
Çarşamba;0,009757287
Salı;0,011478476
Pazartesi;-0,011859933
Cuma;0,018441377
Perşembe;-0,00452517
Çarşamba;-0,040425054
Salı;-0,009660986
Pazartesi;0,006054358
Cuma;-0,003374408
Perşembe;-0,017902191
Çarşamba;-0,002880828
Salı;0,058399335
Pazartesi;0,019796788
Cuma;0,005111454
Perşembe;0,035163505
Çarşamba;-0,000948152
Salı;0,014911023
Pazartesi;-0,002549451
Cuma;-0,012419652
Perşembe;-0,008476934
Çarşamba;-0,002296841
Salı;-0,004668552
Pazartesi;-0,008599507
Cuma;0,006798848
Perşembe;0,007310369
Çarşamba;0,011373922
Salı;0,002683607
Pazartesi;0,004443939
Cuma;-0,008927081
Perşembe;0,012156244
Çarşamba;-0,003728361
Salı;0,008995248
Pazartesi;-0,007182045
Cuma;-0,011025768
Perşembe;-0,006728925
Çarşamba;-0,005115801
Salı;-0,002248262
Pazartesi;-0,000127782
Cuma;0,009645748
Perşembe;-0,005711651
Çarşamba;-0,004750323
Salı;0,020603626
Pazartesi;0,006081967
Cuma;-0,018787385
Perşembe;0,003235303
Çarşamba;-0,001947724
Salı;-0,001326622
Pazartesi;-0,001885659
Cuma;0,006647457
Perşembe;0,010985034
Çarşamba;0,001104373
Salı;-0,000873794
Pazartesi;-0,027345073
Cuma;0,005032238
Perşembe;-0,000265259
Çarşamba;-0,016175476
Salı;-0,004644235
Pazartesi;-0,017426769
Cuma;0,005091401
Perşembe;-0,016776992
Çarşamba;-0,014628723
Salı;-0,023735896
Pazartesi;-0,012082619
Cuma;-0,003994759
Perşembe;-0,005369566
Çarşamba;-0,000427742
Salı;-0,005059014
Pazartesi;-0,008259203
Cuma;-0,012529389
Perşembe;-0,016251847
Çarşamba;0,016634523
Pazartesi;0,026703782
Cuma;-0,009190786
Perşembe;0,005953383
Çarşamba;0,000296741
Salı;-0,001891857
Pazartesi;0,007644383
Cuma;0,003642554
Perşembe;-7,6205E-05
Çarşamba;0,007581093
Salı;-0,016109091
Pazartesi;-0,012285004
Cuma;0,006282882
Perşembe;0,009432995
Çarşamba;-0,01472706
Salı;0,019247014
Pazartesi;0,004629739
Cuma;0,015834587
Perşembe;-0,009349971
Çarşamba;0,012238037
Salı;-0,000958211
Pazartesi;0,011585799
Cuma;0,004643109
Perşembe;-0,003043951
Çarşamba;-0,011152512
Salı;-0,005906578
Pazartesi;0,004747207
Cuma;-0,010258695
Perşembe;-0,004029483
Çarşamba;0,000852501
Salı;-0,011085073
Pazartesi;0,030981179
Cuma;-0,010149566
Perşembe;-0,003413356
Çarşamba;-0,00010719
Salı;-0,006215207
Pazartesi;-0,013727857
Cuma;0,015129111
Perşembe;0,007158795
Çarşamba;0,021027341
Salı;-0,008043319
Pazartesi;0,012796751
Cuma;-0,01920394
Perşembe;-0,018616161
Çarşamba;-0,023945763
Salı;-0,002230843
Cuma;0,006004161
Perşembe;0,0347965
Çarşamba;-0,011328162
Salı;0,008347662
Pazartesi;0,012894078
Cuma;0,01855267
Perşembe;0,010303893
Çarşamba;0,015648465
Salı;-0,005317626
Pazartesi;0,001674303
Cuma;-0,020216985
Perşembe;-0,019947894
Çarşamba;-0,003245435
Salı;0,023968967
Pazartesi;-0,006690237
Cuma;-0,012609477
Perşembe;-0,004076466
Çarşamba;0,028079159
Salı;0,009961741
Pazartesi;0,003823124
Cuma;0,014307981
Perşembe;0,003415631
Çarşamba;-0,011531956
Salı;0,001441235
Pazartesi;0,002564891
Cuma;-0,015784872
Perşembe;-0,019237208
Çarşamba;0,005012334
Salı;-0,017933438
Pazartesi;-0,005696636
Cuma;0,004357305
Perşembe;-0,003605055
Çarşamba;-0,023489395
Salı;0,001754995
Pazartesi;-0,007507355
Cuma;0,017040829
Perşembe;-0,005493545
Çarşamba;0,000301799
Salı;0,004280037
Pazartesi;0,007771077
Cuma;-0,012784212
Çarşamba;0,005999889
Salı;0,006262444
Pazartesi;-0,027903361
Pazartesi;-0,012101321
Cuma;-0,016219804
Perşembe;-0,018103953
Çarşamba;0,035177184
Salı;0,03436712
Pazartesi;-0,007888103
Cuma;0,024038466
Perşembe;0,023371265
Çarşamba;-0,002173477
Salı;-0,008419031
Pazartesi;-0,020879735
Cuma;0,015133282
Perşembe;-0,01122266
Çarşamba;0,027829116
Salı;-0,002667863
Pazartesi;-0,008223339
Cuma;-0,005976768
Perşembe;-0,008067186
Çarşamba;0,00580486
Salı;-0,034509539
Pazartesi;0,033838236
Cuma;-0,012915533
Perşembe;-0,011534992
Çarşamba;-0,007349284
Salı;-0,007523737
Pazartesi;-0,020797556
Cuma;0,001714522
Perşembe;-0,003644087
Çarşamba;0,018998692
Salı;0,053178381
Pazartesi;0,030463466
Cuma;-0,00524278
Perşembe;0,003669803
Çarşamba;-0,019019863
Salı;-0,006624796
Pazartesi;0,00191352
Cuma;-0,002617789
Perşembe;-0,003040257
Çarşamba;-0,002830652
Salı;-0,016253516
Pazartesi;-0,00424593
Cuma;0,01942545
Perşembe;-0,008328624
Çarşamba;-0,005326764
Salı;-0,001217002
Pazartesi;-0,014871194
Perşembe;0,015971851
Çarşamba;-0,011018692
Salı;0,019088349
Pazartesi;0,014106752
Cuma;-0,008154322
Perşembe;0,02825895
Çarşamba;-0,020135665
Salı;0,011980748
Pazartesi;0,014482196
Cuma;-0,000796287
Perşembe;0,01482339
Çarşamba;0,031461467
Salı;0,011905472
Pazartesi;0,013343737
Cuma;-0,031710846
Perşembe;-0,020182932
Çarşamba;0,007427508
Salı;0,013994966
Pazartesi;-0,010409363
Cuma;0,001485333
Perşembe;-0,00529669
Çarşamba;0,00283296
Salı;-0,006067825
Pazartesi;0,017861975
Cuma;-0,014794005
Perşembe;0,005180369
Çarşamba;-0,015751303
Salı;-0,014159971
Pazartesi;0,015003028
Cuma;0,017035283
Perşembe;0,003016916
Çarşamba;0,017502313
Pazartesi;-0,004239058
Cuma;0,031442393
Perşembe;-0,005581739
Çarşamba;0,003600481
Salı;0,024447093
Cuma;0,007900815
Perşembe;0,010670163
Çarşamba;-0,000205155
Salı;-0,030376718
Pazartesi;0,017709741
Cuma;-0,009841563
Perşembe;0,00574058
Çarşamba;-0,008948157
Salı;0,013274974
Pazartesi;0,02182613
Cuma;0,013883871
Perşembe;0,001828584
Çarşamba;-0,008491952
Salı;0,005407547
Pazartesi;-0,001327302
Cuma;0,004255103
Perşembe;-0,000739854
Çarşamba;-0,006254006
Salı;0,017957639
Pazartesi;0,001917315
Cuma;0,001570661
Perşembe;0,004338661
Çarşamba;0,004608951
Salı;-0,010415203
Pazartesi;-0,008469876
Cuma;0,015180851
Perşembe;-0,000119445
Çarşamba;0,003330568
Salı;0,00571527
Pazartesi;0,001216843
Cuma;-0,012714448
Perşembe;-0,00298096
Çarşamba;0,00235638
Salı;-0,001130369
Pazartesi;0,002020064
Cuma;-0,00074421
Perşembe;0,006593027
Çarşamba;0,011150536
Salı;-0,001000913
Pazartesi;-0,000336666
Cuma;-0,010757024
Perşembe;-0,005803005
Çarşamba;-0,004503411
Salı;-0,025098271
Pazartesi;0,021360078
Cuma;0,005413257
Perşembe;-0,002449118
Çarşamba;-0,024130289
Salı;0,009116137
Pazartesi;0,002860683
Cuma;-0,010787629
Perşembe;0,005916086
Çarşamba;0,011364846
Salı;-0,000978241
Pazartesi;0,012018568
Cuma;0,010775856
Perşembe;0,007800582
Çarşamba;0,004065847
Salı;-0,001892544
Pazartesi;0,012842257
Cuma;-0,001184035
Perşembe;-0,017534485
Çarşamba;0,008763886
Salı;-0,010485376
Pazartesi;-0,009888255
Cuma;-0,017970894
Perşembe;0,014732835
Çarşamba;-0,00225317
Salı;-0,018830829
Pazartesi;-0,019940902
Cuma;0,02192289
Perşembe;0,000645263
Çarşamba;-0,009898989
Salı;0,012545438
Pazartesi;0,011083942
Cuma;0,00285907
Perşembe;-0,009882516
Çarşamba;0,004845762
Salı;0,012604202
Cuma;-0,018818972
Perşembe;-0,007423461
Çarşamba;-0,020562874
Salı;-0,001275892
Pazartesi;-0,002162917
Cuma;-0,005976757
Perşembe;0,001555959
Çarşamba;-0,007369456
Salı;-0,002520035
Pazartesi;0,00064421
Cuma;-0,008361542
Perşembe;0,003068552
Çarşamba;-0,013892492
Salı;0,008250431
Pazartesi;0,000980729
Cuma;-0,011378574
Perşembe;-0,013742875
Çarşamba;-0,010805198
Salı;0,009037516
Pazartesi;-0,009883045
Cuma;-0,015864377
Perşembe;0,004095543
Çarşamba;-0,015916895
Salı;-0,002680888
Pazartesi;0,026032762
Cuma;-0,002111812
Perşembe;0,004647731
Çarşamba;0,008891475
Salı;-0,006589934
Pazartesi;-0,012965092
Cuma;0,022146886
Perşembe;0,006922585
Çarşamba;0,006893559
Salı;0,022317498
Pazartesi;-0,011762263
Cuma;0,00081723
Perşembe;0,01183435
Çarşamba;0,014846699
Salı;0,003363567
Pazartesi;0,016729031
Cuma;-0,025487166
Perşembe;0,015177207
Çarşamba;0,000256616
Salı;-0,025820664
Pazartesi;-0,015333542
Cuma;-0,005389403
Perşembe;-0,005101791
Çarşamba;0,009458089
Salı;-0,010660656
Pazartesi;0,000904391
Cuma;0,010992177
Perşembe;-0,000507092
Çarşamba;-0,014004687
Salı;0,000607712
Pazartesi;-0,004843895
Cuma;-0,002331924
Perşembe;-0,002771521
Çarşamba;-0,020177277
Salı;-0,004073168
Pazartesi;-0,020480266
Cuma;0,027640672
Perşembe;0,001889952
Çarşamba;0,002049004
Salı;-0,006140404
Pazartesi;0,000221325
Cuma;-0,009891832
Perşembe;-0,0025005
Çarşamba;-0,014058279
Salı;0,026431367
Pazartesi;-0,016091599
Cuma;0,017956518
Perşembe;-0,001172378
Çarşamba;0,012640799
Salı;-0,003862221
Pazartesi;0,015294477
Cuma;0,011265911
Perşembe;0,004648458
Çarşamba;-0,000813309
Salı;0,008965203
Pazartesi;0,003001082
Cuma;-0,009233235
Perşembe;0,01183359
Çarşamba;-0,001194411
Salı;-0,006764792
Perşembe;0,010389205
Salı;0,003747175
Pazartesi;-0,000751938
Cuma;-0,005315899
Perşembe;-0,00549088
Çarşamba;-0,001843133
Salı;-0,003300439
Pazartesi;0,000193362
Cuma;-0,013094614
Perşembe;-0,003522924
Çarşamba;0,000346301
Salı;0,000477137
Pazartesi;0,024246972
Cuma;-0,023779411
Perşembe;0,007794678
Çarşamba;0,008452121
Salı;0,008463372
Pazartesi;0,001294322
Cuma;-0,011322639
Perşembe;-0,012897781
Çarşamba;-0,005887353
Salı;-0,003554774
Pazartesi;0,012954252
Cuma;0,001570406
Perşembe;0,006404701
Çarşamba;-0,011002068
Salı;-0,001540279
Pazartesi;-0,003087693
Cuma;0,001236221
Perşembe;-0,001001971
Çarşamba;0,00636927
Salı;-0,015952594
Pazartesi;0,004709
Cuma;-0,009849034
Perşembe;-0,009227043
Çarşamba;-0,003845789
Salı;-0,006058194
Pazartesi;-0,020423659
Cuma;-0,010070619
Perşembe;0,005410778
Çarşamba;0,001162034
Salı;0,004595159
Pazartesi;-0,006801196
Cuma;-0,000816075
Perşembe;-0,002492151
Çarşamba;0,004262785
Cuma;-0,009777514
Perşembe;0,004336273
Çarşamba;-0,006838422
Salı;-0,001218168
Pazartesi;0,000634438
Cuma;-0,011532845
Perşembe;0,00552482
Çarşamba;0,009063796
Salı;-0,003377974
Pazartesi;0,001428989
Cuma;-0,005030633
Perşembe;-0,009800963
Çarşamba;-0,003691305
Salı;0,00729785
Pazartesi;-0,001424763
Cuma;0,006860881
Perşembe;-0,015308553
Çarşamba;0,001805981
Salı;-0,001990867
Pazartesi;0,003875457
Cuma;-0,001976862
Perşembe;0,001843828
Çarşamba;0,006131828
Salı;-0,006090892
Pazartesi;-0,013569344
Perşembe;-0,013083138
Çarşamba;0,006056433
Salı;0,004554772
Pazartesi;-0,00598698
Cuma;-0,006212504
Perşembe;0,001241387
Çarşamba;0,011290813
Salı;-0,009095861
Pazartesi;-0,015754518
Cuma;0,001011925
Perşembe;-0,009520519
Çarşamba;0,008828261
Salı;0,00523859
Cuma;0,00316384
Perşembe;-0,003948411
Çarşamba;0,00254232
Salı;0,001194775
Pazartesi;-0,008830548
Cuma;-0,014810153
Perşembe;-0,004174285
Çarşamba;-0,013509063
Salı;0,006257637
Pazartesi;-0,007910912
Cuma;-0,006529533
Perşembe;-0,00214522
Çarşamba;0,011956586
Salı;-0,00052789
Pazartesi;0,003689393
Cuma;-0,030524744
Perşembe;0,002054455
Çarşamba;0,004028905
Salı;-0,00477344
Pazartesi;0,000631762
Cuma;0,003130351
Perşembe;0,003759213
Çarşamba;-0,000134415
Salı;0,010164365
Pazartesi;-0,005414824
Cuma;0,00764117
Perşembe;-0,006872193
Çarşamba;0,000501189
Salı;0,008835243
Pazartesi;0,003261567
Cuma;-0,004531605
Perşembe;-0,002467375
Çarşamba;-0,009147932
Salı;-0,003460579
Pazartesi;0,003281684
Cuma;0,002021884
Perşembe;-0,006808003
Çarşamba;0,005400936
Salı;0,014742445
Pazartesi;0,002540431
Cuma;-0,014637889
Perşembe;0,002360067
Çarşamba;-0,006850641
Salı;-0,020838094
Pazartesi;0,003275455
Cuma;0,005601555
Perşembe;0,009921387
Çarşamba;-0,006832957
Salı;0,004890261
Pazartesi;-0,004246626
Cuma;0,002728023
Perşembe;-0,007264871
Çarşamba;-0,003464554
Salı;0,002273193
Pazartesi;0,005615321
Cuma;-0,012553345
Perşembe;0,015394256
Çarşamba;-0,006562066
Salı;-0,008786463
Pazartesi;-0,001361284
Cuma;0,01173291
Perşembe;-0,011320897
Çarşamba;-0,006267166
Salı;-0,006376217
Pazartesi;-0,000672331
Cuma;-0,028355764
Perşembe;0
Çarşamba;-0,008373563
Salı;0,01290834
Pazartesi;-0,013871175
Cuma;0,000228757
Perşembe;-0,009276403
Çarşamba;0,005803298
Salı;-0,005038099
Pazartesi;-0,007935437
Cuma;-0,002303414
Perşembe;-0,007794886
Çarşamba;-0,040672113
Salı;-0,003521199
Pazartesi;0
Cuma;-0,003715191
Perşembe;-0,009394634
Çarşamba;-0,003173149
Salı;0,006205752
Pazartesi;0,014717961
Cuma;0,004939295
Perşembe;-0,003885243
Çarşamba;-0,00370695
Salı;-0,011008429
Pazartesi;0,004280322
Cuma;-0,000727273
Perşembe;0,005609659
Çarşamba;0,002760865
Salı;0,002432011
Pazartesi;-0,008388986
Cuma;0,005583285
Perşembe;0,001146398
Çarşamba;-0,010326179
Salı;0,001481713
Pazartesi;-0,009854225
Cuma;-0,006751491
Perşembe;0,002663925
Çarşamba;0,001342459
Salı;-0,007896307
Pazartesi;-0,024599819
Cuma;-0,002843713
Perşembe;-0,011938926
Çarşamba;0,020135137
Salı;0,00283401
Pazartesi;0,010523238
Cuma;-0,008396265
Perşembe;-0,0022887
Çarşamba;0,011311519
Salı;0,010275266
Pazartesi;-0,003541324
Cuma;0,001256755
Perşembe;-0,006672218
Çarşamba;-0,005030198
Salı;0,005229816
Pazartesi;-0,009788137
Cuma;0,010094141
Perşembe;0,015653572
Çarşamba;-0,001979433
Salı;0,002084194
Pazartesi;-0,009023409
Cuma;-0,018873644
Perşembe;0,031987252
Çarşamba;0,006382738
Salı;0,00332469
Pazartesi;0,014195731
Cuma;-0,002588148
Perşembe;0,005169615
Çarşamba;0,008334594
Salı;0,00044072
Pazartesi;0,006274885
Cuma;-0,013717567
Perşembe;0,005161432
Çarşamba;-0,000530096
Salı;-0,011044225
Pazartesi;-0,011580712
Cuma;0,001496852
Perşembe;-0,009639628
Çarşamba;0,008439744
Salı;0,002359693
Pazartesi;0,002456925
Cuma;0,001809886
Perşembe;-0,001039321
Çarşamba;-0,000526488
Salı;-0,010276893
Pazartesi;0,002164854
Cuma;-0,009589373
Perşembe;0,007671056
Çarşamba;0,007767155
Salı;-0,006677929
Pazartesi;-0,005653514
Cuma;0,03873134
Perşembe;0,000501404
Çarşamba;-0,023842055
Salı;-0,007769206
Pazartesi;0,00461984
Cuma;-0,021485494
Cuma;0,013510011
Perşembe;0,010187503
Çarşamba;-0,00257258
Salı;0,004523325
Pazartesi;-0,002606124
Cuma;-0,011740806
Perşembe;-0,013500536
Çarşamba;0,001514942
Pazartesi;0,001985706
Cuma;0,013064745
Perşembe;-0,004288227
Çarşamba;-0,008815931
Salı;0,015875211
Pazartesi;0,007972377
Cuma;0,002472791
Perşembe;-0,002241909
Çarşamba;0,002267502
Salı;-0,005659121
Pazartesi;0,009809273
Cuma;-0,003114194
Perşembe;0,010237717
Çarşamba;-0,013733575
Salı;0,00727248
Pazartesi;-0,009545574
Cuma;-0,022270087
Perşembe;0,000788478
Çarşamba;-0,020892994
Salı;0,016654193
Pazartesi;0,011907088
Cuma;-0,017171302
Perşembe;-0,002150681
Çarşamba;-0,002235232
Salı;-0,018647399
Pazartesi;0,00656015
Cuma;-0,033393091
Perşembe;-0,001995354
Çarşamba;0,045168704
Salı;0,016878764
Pazartesi;0,010187111
Cuma;0,07347013
Perşembe;-0,00284134
Çarşamba;-0,015472025
Salı;-0,002215876
Pazartesi;-0,023782586
Cuma;-0,015465734
Pazartesi;0,004718468
Cuma;-0,005577602
Perşembe;-0,014667283
Çarşamba;-0,00136782
Salı;0,002824769
Pazartesi;-0,023250439
Cuma;0,002723766
Perşembe;0,034224368
Çarşamba;-0,009313657
Salı;0,0034109
Pazartesi;-0,00010319
Cuma;-0,027356335
Perşembe;-0,010113142
Çarşamba;0,02074172
Salı;-0,00627646
Pazartesi;0,010164638
Cuma;0,004601725
Perşembe;0,010672874
Çarşamba;0,014322005
Salı;-0,008599272
Pazartesi;0,005550218
Cuma;-0,005793345
Perşembe;-0,024183394
Çarşamba;0,009953966
Salı;0,009920127
Pazartesi;0,009364394
Cuma;-0,006463833
Perşembe;8,97062E-05
Çarşamba;0,007315938
Salı;0,01045288
Pazartesi;-0,034177243
Cuma;-0,005329027
Çarşamba;0,011536436
Salı;0,000427126
Pazartesi;-0,003590947
Cuma;0,010438832
Perşembe;0,006354434
Çarşamba;0,009203533
Salı;-0,002863843
Pazartesi;0,003293978
Cuma;-0,008816674
Perşembe;0,004214768
Çarşamba;0,008653791
Salı;0,021028739
Pazartesi;0,03347796
Cuma;0,017711715
Perşembe;0,001756379
Çarşamba;-0,001217428
Salı;0,00446445
Pazartesi;-0,007573267
Cuma;0,008424157
Perşembe;-0,001842566
Çarşamba;-0,001413378
Salı;0,00816065
Pazartesi;0,001077667
Cuma;-0,008969505
Perşembe;0,002474353
Çarşamba;-0,001026347
Salı;-0,023339922
Pazartesi;0,003196034
Cuma;-0,017851396
Perşembe;-0,016338416
Çarşamba;0,004253861
Salı;0,017668798
Pazartesi;0,010896971
Cuma;-0,01821601
Perşembe;0,010976581
Çarşamba;-0,004212154
Salı;-0,014382096
Pazartesi;-0,004770703
Cuma;0,000135217
Perşembe;2,4583E-05
Çarşamba;-0,012044018
Salı;0,017046358
Pazartesi;0,019822771
Cuma;-0,005530655
Perşembe;-0,019060947
Çarşamba;-0,024984814
Salı;-0,004267683
Pazartesi;0,013572992
Cuma;-0,009166726
Perşembe;-0,004482189
Çarşamba;-0,003638373
Salı;-0,013489442
Pazartesi;-0,00256498
Cuma;-0,003788594
Perşembe;-0,004713713
Çarşamba;-0,000520779
Salı;-0,010907318
Pazartesi;-0,001858087
Cuma;-0,011741974
Perşembe;0,003636828
Çarşamba;-0,015207737
Salı;0,019162567
Pazartesi;-0,008058876
Cuma;-0,025408881
Perşembe;0,005885543
Çarşamba;-0,008765808
Salı;-0,025823325
Pazartesi;0,000831238
Cuma;-0,001000388
Perşembe;7,04826E-05
Çarşamba;0,009427944
Salı;-0,002782654
Pazartesi;0,00822763
Cuma;0,030082496
Perşembe;0,00404818
Çarşamba;-0,016755934
Salı;-0,010440986
Pazartesi;0,012908356
Cuma;0,000449197
Perşembe;-0,014447711
Çarşamba;-0,005177199
Salı;-0,003392143
Pazartesi;-0,017844068
Cuma;-0,004190853
Perşembe;-0,024148942
Çarşamba;0,014996083
Salı;0,020885481
Pazartesi;-0,000464419
Cuma;0,000309637
Perşembe;0,012293603
Çarşamba;0,007864353
Salı;-0,01066222
Pazartesi;-0,009678692
Cuma;-0,006155516
Perşembe;0,012427241
Çarşamba;-0,004176776
Salı;-0,007188901
Pazartesi;-0,002407831
Perşembe;0,016999249
Çarşamba;0,020341836
Salı;0,009679644
Pazartesi;0,004454771
Cuma;-0,000714127
Perşembe;-0,001888829
Çarşamba;-6,75242E-05
Salı;-0,01281729
Pazartesi;0,003086802
Cuma;-0,011907842
Perşembe;0,017130923
Çarşamba;-0,012010189
Salı;-0,009311118
Pazartesi;-0,040269533
Cuma;0,013912495
Perşembe;0,029083475
Çarşamba;0,030355269
Salı;-0,02008396
Pazartesi;0,01099256
Cuma;0,004805171
Perşembe;0,015870168
Çarşamba;0,012407303
Salı;0,00509206
Pazartesi;-0,020419344
Cuma;0,005368838
Perşembe;-0,008497356
Çarşamba;0,024224848
Salı;-0,007760687
Pazartesi;0,044908436
Cuma;0,011681458
Perşembe;-0,002991506
Çarşamba;0,000907086
Salı;0,00790518
Pazartesi;-0,001319367
Cuma;0,010225653
Perşembe;0,003219083
Çarşamba;-0,005187335
Salı;-0,006679297
Pazartesi;0,010733819
Cuma;-0,001463593
Perşembe;0,012445123
Çarşamba;0,008737454
Salı;-0,009243874
Pazartesi;0,009363364
Cuma;-0,052555578
Çarşamba;-0,011054594
Salı;0,001615787
Pazartesi;0,007585916
Cuma;0,010829094
Perşembe;0,00163361
Çarşamba;-0,006136714
Salı;0,009122682
Pazartesi;-0,009498858
Cuma;-0,015813854
Perşembe;0,009876655
Çarşamba;0,00147501
Salı;-0,012945616
Pazartesi;0,011937297
Cuma;-0,001072454
Perşembe;-0,007018195
Çarşamba;0,000470262
Salı;-0,018454328
Pazartesi;-0,004618526
Cuma;-0,033129269
Perşembe;0,001799528
Çarşamba;-0,004383613
Salı;0,000713983
Pazartesi;-0,01278029
Çarşamba;0,01750932
Salı;0,005133564
Pazartesi;0,011494608
Cuma;-0,010095475
Perşembe;-0,001572495
Çarşamba;-0,011158166
Salı;-0,013250082
Pazartesi;-0,025944198
Cuma;0,000729057
Perşembe;0,006927499
Çarşamba;0,002168927
Salı;0,000680296
Pazartesi;-0,002584807
Cuma;0,014971001
Perşembe;0,014344871
Çarşamba;-0,00471354
Salı;-0,001168272
Pazartesi;0,022046867
Cuma;-0,007580849
Perşembe;0,002288315
Çarşamba;-0,016129273
Salı;-0,001440942
Pazartesi;-0,029936237
Cuma;0,033846417
Perşembe;0,011907468
Çarşamba;0,008241036
Salı;0,008726751
Pazartesi;0,012585035
Cuma;0,005018457
Perşembe;-0,002888697
Çarşamba;0,014028222
Salı;0,019570592
Pazartesi;-0,028307077
Cuma;0,011954838
Perşembe;0,004782811
Çarşamba;-0,008525766
Salı;0,001291816
Pazartesi;-0,000907934
Cuma;0,022091818
Perşembe;-0,020723837
Çarşamba;-0,002443222
Salı;-0,00071747
Pazartesi;-0,008650038
Cuma;0,017429188
Perşembe;-0,004775589
Çarşamba;0,036166114
Salı;0,004447018
Pazartesi;-0,003241176
Perşembe;0,017915292
Çarşamba;-0,000749163
Salı;0,003776344
Pazartesi;0,004169952
Cuma;-0,007172976
Perşembe;-0,006130455
Çarşamba;-0,023348512
Salı;0,014633594
Pazartesi;0,009686665
Cuma;-0,014048146
Perşembe;0,008130176
Çarşamba;-0,002421101
Salı;0,00692973
Pazartesi;-0,006024188
Cuma;0,021658177
Perşembe;-0,003224978
Çarşamba;0,010321562
Salı;-0,012834414
Pazartesi;0,004300462
Cuma;-0,011719449
Perşembe;-0,006350927
Çarşamba;-0,014989982
Salı;-0,006575659
Pazartesi;-0,015496587
Cuma;0,019839631
Perşembe;0,003866703
Çarşamba;-0,013662078
Salı;-0,020292791
Pazartesi;-0,004373175
Cuma;0,051818187
Perşembe;0,006762288
Çarşamba;0,010790192
Salı;-0,023955421
Pazartesi;-0,012246135
Cuma;0,031236858
Perşembe;0,007072938
Çarşamba;0,008602357
Salı;-0,007657489
Pazartesi;0,010914647
Cuma;0,014521506
Perşembe;0,008829951
Çarşamba;0,014063413
Pazartesi;0,009759603
Cuma;-0,011880519
Perşembe;-0,004129283
Çarşamba;-0,009524375
Salı;-0,012271664
Pazartesi;-0,007171608
Cuma;-0,008210314
Perşembe;-0,017884411
Çarşamba;-0,001563532
Salı;0,01133758
Pazartesi;0,007622498
Perşembe;-0,000857316
Çarşamba;0,023905802
Salı;0,002683131
Pazartesi;0,002236243
Cuma;-0,009898134
Çarşamba;-0,020918374
Salı;0,005926543
Pazartesi;-0,023713299
Cuma;0,001396301
Perşembe;0,000230506
Çarşamba;-0,013175196
Salı;0,011754922
Pazartesi;-0,004651228
Cuma;0,008603563
Perşembe;0,010447856
Çarşamba;-0,008598298
Salı;-0,004029897
Pazartesi;0,00801956
Cuma;-0,001637332
Perşembe;-0,016008115
Çarşamba;-0,005734123
Salı;-0,004479968
Pazartesi;0,016414525
Cuma;-0,01582098
Perşembe;0,007242481
Çarşamba;0,014220588
Salı;-0,00748112
Pazartesi;0,020619038
Cuma;-0,014869626
Perşembe;-0,007103443
Çarşamba;-0,024466203
Salı;0,001112688
Pazartesi;-0,023195564
Cuma;-0,020073266
Perşembe;0,02131297
Çarşamba;-0,000204381
Salı;-0,003839906
Pazartesi;0,033642895
Cuma;-0,00416266
Perşembe;0,005835264
Çarşamba;0,015806577
Salı;0,026893327
Pazartesi;-0,004243666
Cuma;0,002391506
Perşembe;0,020781282
Çarşamba;0,009475999
Salı;-0,000484362
Pazartesi;-0,004659534
Cuma;-0,009302826
Perşembe;0,010761987
Çarşamba;-0,011311917
Salı;-0,011974217
Pazartesi;0,018960361
Cuma;-0,002700031
Perşembe;0,003188051
Çarşamba;-0,031315976
Salı;-0,003758748
Pazartesi;0,017389668
Cuma;0,004871413
Perşembe;0,00939249
Çarşamba;0,001409444
Salı;0,018441409
Pazartesi;0,024874041
Cuma;-0,008586242
Perşembe;-0,004371739
Çarşamba;0,019944764
Salı;0,008904033
Pazartesi;0,002881199
Cuma;-0,007433509
Perşembe;0,001838813
Çarşamba;-0,006511589
Salı;-0,012400375
Pazartesi;-0,013476046
Cuma;-0,006726662
Perşembe;0,003733755
Çarşamba;-0,002053553
Salı;0,008528788
Pazartesi;-0,005085776
Cuma;-0,002472753
Perşembe;0,000479075
Çarşamba;-0,010466258
Salı;0,001531491
Pazartesi;-0,005156524
Cuma;-0,011679848
Çarşamba;0,003061108
Salı;-0,013908528
Pazartesi;-0,00515896
Cuma;0,009997185
Perşembe;-0,001437222
Çarşamba;-3,53676E-05
Salı;-0,003945431
Pazartesi;0,007734428
Cuma;-0,018611474
Perşembe;-0,004172668
Çarşamba;-0,029322966
Salı;-0,020374177
Pazartesi;0,044613713
Cuma;0,00508343
Perşembe;0,017768295
Çarşamba;-0,007012419
Salı;-0,007145742
Pazartesi;0,015349641
Cuma;0,004951233
Perşembe;0,011593724
Çarşamba;-0,015413775
Salı;0
Pazartesi;0,014404383
Cuma;0,000255345
Perşembe;-0,017324761
Çarşamba;-0,005280243
Salı;-0,008487659
Pazartesi;-0,003345668
Cuma;0,000360287
Perşembe;-0,009288702
Çarşamba;-0,012807083
Salı;-0,001621702
Pazartesi;-0,010257768
Cuma;0,008805835
Perşembe;-0,004145902
Çarşamba;-0,005965132
Salı;-0,025089793
Pazartesi;-0,008453677
Cuma;0,002761705
Perşembe;-0,00576326
Çarşamba;0,018483775
Salı;0,016480301
Pazartesi;-0,002994462
Cuma;0,006873906
Perşembe;-0,008487143
Salı;-0,003887445
Pazartesi;-0,004457772
Cuma;0,002294331
Perşembe;0,000981675
Çarşamba;-0,017947377
Salı;-0,005586714
Pazartesi;-0,017080888
Cuma;-0,0105095
Perşembe;-0,012750907
Çarşamba;0,003747528
Salı;-0,00226022
Pazartesi;0,005727538
Cuma;-0,021829815
Perşembe;0,023053838
Çarşamba;-0,030579294
Cuma;0,019562551
Perşembe;-0,007096534
Çarşamba;0,004013166
Salı;0,010503608
Pazartesi;-0,003904166
Cuma;-0,00018757
Perşembe;-0,000549513
Çarşamba;0,008038285
Salı;0,019439313
Pazartesi;0,002618229
Cuma;0,000676238
Perşembe;0,007434401
Çarşamba;0,018816385
Salı;-0,004225814
Pazartesi;-0,009159901
Cuma;-0,001245674
Perşembe;0,014606062
Çarşamba;0,007380945
Salı;0,00662781
Pazartesi;0,026129167
Cuma;-8,51618E-05
Perşembe;0,000401413
Çarşamba;-0,011423943
Salı;-0,007185127
Pazartesi;0,00142384
Cuma;-0,006354823
Perşembe;0,006515651
Çarşamba;-0,00459999
Salı;0,003560334
Pazartesi;-0,018648676
Cuma;-0,004197437
Perşembe;0,000354682
Çarşamba;-0,001153176
Salı;0,005172545
Pazartesi;-0,024698289
Cuma;-0,008439745
Perşembe;0,011383354
Çarşamba;0,000631488
Salı;0,002676172
Pazartesi;-0,007169691
Cuma;0,024644949
Perşembe;-0,004505139
Çarşamba;0,007442776
Salı;0,015118296
Pazartesi;0,015393912
Cuma;0,002451415
Perşembe;0,000767119
Cuma;0,024776624
Perşembe;-0,004677383
Çarşamba;-0,0116392
Salı;-0,003918112
Pazartesi;-0,003167459
Cuma;0,00054683
Perşembe;-0,006483953
Çarşamba;0,005949278
Salı;-0,012549395
Pazartesi;-0,007697716
Cuma;-0,0157267
Perşembe;-0,010284039
Çarşamba;0,011480339
Salı;-0,002116536
Pazartesi;-0,004297222
Cuma;-0,01809796
Perşembe;-7,73874E-05
Çarşamba;-0,00903084
Salı;0,003572848
Pazartesi;0,01776442
Cuma;-0,000216614
Perşembe;-0,004700601
Çarşamba;0,011381264
Salı;-0,000151914
Pazartesi;0,004307928
Cuma;-0,011741868
Perşembe;0,008332429
Çarşamba;-0,012268687
Salı;-0,00098649
Pazartesi;-0,004753899
Cuma;0,017439705
Perşembe;0,010349739
Çarşamba;-0,010235839
Salı;0,032997586
Pazartesi;-0,011303729
Cuma;-0,004418196
Perşembe;-0,007428203
Çarşamba;-0,017928515
Salı;0,005508815
Pazartesi;-0,002146482
Cuma;0,008117102
Perşembe;0,000126111
Çarşamba;-0,016593407
Salı;-0,00594107
Pazartesi;0,013706214
Cuma;-0,006919294
Perşembe;-0,000230615
Çarşamba;-0,020557624
Salı;-0,015819986
Cuma;-0,00327424
Perşembe;0,002915396
Çarşamba;0,010841218
Salı;-0,0035831
Pazartesi;0,00210926
Cuma;-0,004924135
Perşembe;0,002894052
Çarşamba;-0,010812781
Salı;0,002970227
Pazartesi;-0,005721885
Cuma;0,005309511
Çarşamba;-0,017272004
Salı;-0,021302289
Pazartesi;0,001160911
Cuma;-0,014048691
Perşembe;0,013938186
Salı;0,010703519
Pazartesi;0,003778557
Cuma;0,000394765
Perşembe;0,001169766
Çarşamba;-0,015936101
Salı;0,000538536
Pazartesi;0,018288897
Cuma;-0,014183473
Perşembe;0,00567568
Çarşamba;-0,009905356
Salı;0,020741849
Pazartesi;-0,019913794
Cuma;0,001295908
Perşembe;-0,014404112
Çarşamba;-0,012616822
Salı;0,002953961
Pazartesi;-0,015947078
Cuma;-0,008915963
Perşembe;-0,03039194
Çarşamba;0,010135197
Salı;-0,045844602
Pazartesi;-0,01535784
Cuma;0,013547744
Perşembe;0,010505334
Çarşamba;0,003457035
Salı;0,001327626
Pazartesi;-0,021207218
Cuma;-0,014418537
Perşembe;0,001042457
Çarşamba;-0,001358567
Salı;-0,003055613
Pazartesi;-0,005310113
Cuma;0,005785692
Perşembe;0,014288205
Çarşamba;-0,008772193
Salı;-0,00654672
Pazartesi;-0,029659234
Cuma;0,022046763
Perşembe;-0,012450697
Çarşamba;-0,004477547
Salı;0,010046434
Pazartesi;0,032652731
Cuma;-0,004684873
Perşembe;-0,003214
Çarşamba;-0,004706335
Salı;0,011669988
Pazartesi;0,022710554
Cuma;-0,010974804
Perşembe;-0,017381197
Çarşamba;0,011677804
Salı;-0,003618157
Pazartesi;-0,003600069
Cuma;0,008767077
Perşembe;-0,000990988
Çarşamba;-0,033201991
Salı;0,004649499
Pazartesi;-0,017008963
Cuma;0,002962773
Perşembe;0,013535961
Çarşamba;-0,009808557
Salı;0,02316374
Pazartesi;0,01600184
Cuma;-0,002186098
Perşembe;0,015417264
Çarşamba;0,029189699
Salı;-0,015678851
Pazartesi;-0,008403856
Cuma;-0,001963486
Perşembe;0,018252456
Çarşamba;0,019129485
Salı;-0,000910372
Pazartesi;-0,000161604
Cuma;-0,002206305
Perşembe;-0,022304872
Çarşamba;0,013727729
Salı;0,018642351
Pazartesi;-0,008446775
Cuma;-0,030676565
Perşembe;0,015329025
Salı;0,012108051
Pazartesi;0,002710109
Cuma;-0,06221721
Perşembe;0,010432982
Çarşamba;0,023605786
Salı;0,042954159
Pazartesi;-0,013305907
Cuma;0,021604949
Perşembe;-0,00682183
Çarşamba;0,032981205
Salı;-0,006616912
Pazartesi;0,053473562
Cuma;-0,0104495
Perşembe;-0,01349783
Çarşamba;0,012160272
Salı;0,00205289
Pazartesi;0,001550377
Cuma;-0,011584632
Perşembe;-0,019069161
Çarşamba;0,015122875
Salı;-2,73643E-05
Pazartesi;0,025184054
Cuma;0,010577475
Perşembe;-0,015539667
Çarşamba;0,00422811
Salı;0,008866261
Pazartesi;0,012729142
Cuma;-0,011737085
Perşembe;-0,012759874
Çarşamba;0,009369592
Salı;-0,010186755
Pazartesi;0,013048063
Cuma;-0,017682334
Perşembe;-0,004020296
Çarşamba;-0,022529695
Salı;-0,0058517
Pazartesi;0,003262872
Cuma;0,024347695
Perşembe;0,025300221
Çarşamba;-0,000567353
Salı;-0,013620297
Pazartesi;0,019738616
Cuma;0,003496255
Perşembe;0,014521313
Çarşamba;0,016596884
Pazartesi;0,008152288
Cuma;-0,003689321
Perşembe;-0,005388394
Çarşamba;-0,004194157
Salı;0,009582551
Pazartesi;-0,0049953
Pazartesi;-0,034069002
Cuma;-0,000774222
Perşembe;-0,007061209
Çarşamba;-0,015400907
Salı;0,007756746
Pazartesi;0,011088777
Cuma;0,004023462
Perşembe;0,000826354
Çarşamba;-0,014620588
Salı;0,017239418
Pazartesi;-0,026273894
Cuma;0,00381887
Perşembe;0,011250867
Çarşamba;0,008113207
Salı;0,003875263
Pazartesi;0,003625981
Cuma;0,013642071
Perşembe;0,020378385
Çarşamba;-0,06237139
Salı;0,001632719
Pazartesi;-0,007031604
Cuma;-0,035975201
Perşembe;0,015060171
Çarşamba;-0,013149524
Salı;0,000222903
Pazartesi;-0,029674845
Cuma;-0,035893161
Perşembe;-0,007719509
Çarşamba;0,003755213
Salı;0,000104525
Pazartesi;0,023200911
Perşembe;-0,031883773
Çarşamba;-0,014289641
Salı;0,00103839
Pazartesi;0,048484867
Cuma;-0,012333102
Perşembe;0,005402562
Çarşamba;0,020419668
Salı;0,035166012
Pazartesi;0,002476019
Cuma;0,025802956
Perşembe;-0,00400667
Çarşamba;0,021503329
Salı;-0,000953011
Pazartesi;-0,001842414
Çarşamba;-0,024578191
Salı;0,006599968
Pazartesi;0,003478921
Cuma;-0,003465413
Perşembe;-0,008559757
Çarşamba;-0,000340648
Salı;0,014127625
Pazartesi;-0,020114685
Cuma;-0,00527858
Perşembe;0,017691114
Çarşamba;0,002231766
Salı;0,018115006
Pazartesi;0,00592657
Cuma;0,000764718
Perşembe;0,015030009
Çarşamba;0,000635971
Salı;-0,018252553
Pazartesi;0,007241352
Cuma;-0,030718366
Perşembe;-0,029265293
Çarşamba;-0,010023603
Salı;0,0126945
Pazartesi;-0,004176418
Cuma;0,019752842
Perşembe;0,03094738
Çarşamba;-0,022679324
Salı;0,036232469
Pazartesi;0,003890954
Cuma;-0,005776586
Perşembe;-0,007010558
Çarşamba;-0,025533757
Salı;-0,03635962
Pazartesi;-0,008106914
Cuma;0,03425917
Perşembe;0,00491254
Çarşamba;0,070588795
Salı;-0,013987135
Pazartesi;0,015394149
Cuma;0,013400051
Perşembe;-0,045017186
Çarşamba;0,005111832
Salı;-0,024224141
Pazartesi;0,017764802
Cuma;0,025169537
Perşembe;-0,031618164
Çarşamba;0,048128003
Salı;0,013668605
Pazartesi;-0,047549806
Cuma;0,110633402
Perşembe;0,013629225
Çarşamba;5,73575E-05
Salı;0,030958309
Pazartesi;0,006993152
Cuma;0,005166262
Perşembe;0,003673914
Çarşamba;0,019813145
Salı;-0,021566166
Pazartesi;-0,011314883
Cuma;0,019331702
Perşembe;0,000239297
Çarşamba;0,001792904
Salı;-0,008996838
Pazartesi;-0,016813245
Cuma;-0,002185866
Perşembe;0,004033432
Çarşamba;0,010189099
Salı;-0,015451389
Pazartesi;0,002857559
Cuma;-0,006945987
Perşembe;-0,004770379
Salı;-0,030039576
Pazartesi;-0,010420655
Cuma;-0,000493346
Perşembe;-0,001987593
Çarşamba;-0,001920777
Pazartesi;-0,008969095
Cuma;-0,00882211
Perşembe;-0,002970127
Çarşamba;0,01624537
Salı;0,003642733
Pazartesi;0,004722851
Cuma;-0,006199633
Perşembe;-0,005667417
Çarşamba;-0,020408259
Salı;0,004431697
Pazartesi;0,006946939
Cuma;-0,015427889
Perşembe;0,014191328
Çarşamba;0,019226786
Salı;0,013658361
Pazartesi;0,000987574
Cuma;-0,002476587
Perşembe;-0,007537152
Çarşamba;-0,012499499
Salı;-0,002664036
Pazartesi;-0,014454152
Cuma;-0,003801043
Perşembe;-0,000946453
Çarşamba;-0,002589116
Salı;0,001520247
Pazartesi;0,013195495
Cuma;-0,003171288
Perşembe;-0,01372548
Çarşamba;0,007739967
Salı;0,008784935
Pazartesi;-0,002739267
Cuma;0,005064153
Perşembe;-0,020644474
Çarşamba;0,004133925
Salı;-0,013760364
Pazartesi;-0,005431064
Cuma;-0,00927225
Perşembe;-0,006708484
Çarşamba;-0,014832018
Salı;-0,008376205
Pazartesi;-0,010948068
Cuma;-0,010106988
Perşembe;0,017889331
Çarşamba;0,020774313
Salı;-0,007838886
Pazartesi;-0,004699624
Cuma;0,002218106
Perşembe;-0,006437087
Çarşamba;0,004668128
Salı;0,001743344
Pazartesi;-0,010596552
Cuma;0,018315248
Perşembe;-0,00682257
Çarşamba;0,024084146
Salı;0,003192739
Pazartesi;0,005129395
Cuma;-0,006225749
Perşembe;-0,018100554
Çarşamba;0,002535402
Salı;0,039654987
Pazartesi;-0,012391186
Cuma;0,043268301
Perşembe;0,019662652
Çarşamba;-0,001122822
Salı;-0,008070374
Pazartesi;-0,004270786
Cuma;-0,003253334
Perşembe;-0,001707239
Çarşamba;-0,009210327
Salı;-0,020134263
Pazartesi;-0,005060961
Cuma;-0,011728469
Perşembe;-0,002434038
Çarşamba;0,00385219
Salı;-0,012237384
Pazartesi;0,000773135
Cuma;-0,008260993
Perşembe;0,00587732
Çarşamba;-0,004897458
Pazartesi;-0,018169648
Cuma;0,004732544
Perşembe;-0,001592022
Çarşamba;-0,00591903
Salı;-0,005077556
Pazartesi;-0,003640828
Cuma;-0,00816893
Perşembe;0,001680793
Çarşamba;-5,20752E-05
Salı;0,006333242
Pazartesi;0,002183957
Cuma;-0,015270848
Perşembe;0,008743596
Çarşamba;0,005713672
Salı;-0,007638525
Pazartesi;-0,001055038
Cuma;-0,006432404
Perşembe;-0,005998913
Çarşamba;0,003319636
Salı;-0,00679597
Pazartesi;-0,016339753
Cuma;-0,016830159
Perşembe;-0,008384468
Çarşamba;-0,006577923
Salı;0,000361176
Pazartesi;-0,00184893
Cuma;-0,012080975
Perşembe;-0,015298673
Çarşamba;0,007621825
Salı;0,002494721
Pazartesi;-0,000424797
Cuma;0,002602584
Perşembe;0,0113213
Çarşamba;-0,003792256
Salı;0,009613513
Pazartesi;-0,009178984
Cuma;0,006467542
Perşembe;0,011490401
Çarşamba;-0,014488486
Salı;0,006056616
Pazartesi;0,009628676
Cuma;-0,01823025
Perşembe;0,015697383
Çarşamba;-0,000330847
Salı;-0,011258663
Çarşamba;-0,014169098
Salı;0,000763413
Pazartesi;0,006437503
Cuma;-0,006267935
Perşembe;-0,005923634
Çarşamba;0,004693613
Salı;-0,00574596
Pazartesi;-0,007311603
Cuma;-0,002396448
Perşembe;-0,000359244
Çarşamba;-0,016228007
Salı;-0,005786672
Pazartesi;-0,009269576
Cuma;-0,00075657
Perşembe;-0,007074114
Çarşamba;-0,00130112
Salı;0,0100656
Pazartesi;-0,011068767
Cuma;-0,005377326
Perşembe;0,00561698
Çarşamba;-0,001423786
Salı;0,016864609
Pazartesi;-0,008932268
Cuma;0,010126069
Perşembe;-0,013181008
Çarşamba;0,001685096
Salı;0,007200417
Pazartesi;0,007251749
Cuma;0,001291535
Perşembe;-0,013124769
Çarşamba;0,013183435
Salı;-0,001159301
Pazartesi;0,000249583
Cuma;-0,00271941
Perşembe;-0,003273084
Çarşamba;-0,002306431
Salı;-0,009832219
Pazartesi;0,004623217
Cuma;0,00237784
Çarşamba;-0,018199887
Salı;-0,000211653
Pazartesi;-0,00298302
Cuma;-0,00437704
Perşembe;0,006452468
Çarşamba;0,000453899
Cuma;-0,005323558
Perşembe;-0,01288721
Çarşamba;-0,004693974
Salı;-0,007004603
Pazartesi;0,015281405
Cuma;-0,000353099
Perşembe;-0,009643127
Çarşamba;0,003065018
Salı;0,003687223
Pazartesi;0,009792056
Cuma;-0,004171735
Perşembe;-0,023644987
Çarşamba;0,004739605
Salı;0,002789446
Pazartesi;0,011942103
Cuma;-0,010185166
Perşembe;-0,008298673
Çarşamba;-0,033982035
Salı;-0,006584801
Pazartesi;-0,009275714
Cuma;0,017220839
Perşembe;0,008845409
Çarşamba;0,001666854
Salı;0,000448294
Pazartesi;0,003228181
Cuma;-0,000207441
Perşembe;-0,005392574
Çarşamba;0,011549572
Salı;0,001188844
Pazartesi;-0,00820798
Cuma;0,002759414
Perşembe;-0,01296981
Çarşamba;0,016229809
Salı;-0,00421616
Pazartesi;-0,01235257
Cuma;0,00951057
Perşembe;-0,027886313
Çarşamba;0,005917711
Salı;-0,017426726
Pazartesi;-0,010835683
Cuma;0,01620981
Perşembe;-0,000181982
Çarşamba;-0,017340076
Salı;-0,001701755
Pazartesi;-0,016578488
Cuma;0,002448778
Perşembe;-0,001763201
Çarşamba;-0,001972303
Salı;-0,000841556
Pazartesi;-0,012030636
Cuma;-0,003571277
Perşembe;-0,010596962
Çarşamba;-0,007933177
Salı;-0,007996616
Pazartesi;-0,001004088
Cuma;-0,003162285
Perşembe;-0,008475929
Çarşamba;0,000471767
Salı;0,00587838
Pazartesi;-0,010988922
Cuma;-0,000620132
Perşembe;0,001950295
Çarşamba;0,014767419
Salı;0,0238459
Pazartesi;-0,009487921
Cuma;0,006979478
Perşembe;0,00691366
Çarşamba;0,013341386
Salı;-0,011215653
Pazartesi;0,006955373
Cuma;0,017459986
Perşembe;-0,000883647
Çarşamba;-0,012453759
Salı;0,011228957
Pazartesi;0,001037777
Cuma;0,003496685
Perşembe;0,004564597
Çarşamba;-0,00578535
Pazartesi;0,017923374
Cuma;0,009734172
Perşembe;0,001335807
Çarşamba;-0,012220449
Salı;-0,003928227
Cuma;0,006959946
Perşembe;-0,004584449
Çarşamba;0,004734131
Salı;0,008626953
Pazartesi;-0,002889436
Cuma;0,001734663
Perşembe;0,005054632
Çarşamba;-0,002960528
Salı;-0,011963887
Pazartesi;0,01365904
Cuma;0,002086192
Perşembe;0,018260225
Çarşamba;0,006440393
Salı;0,013057943
Pazartesi;-0,005005792
Cuma;-0,008708745
Perşembe;-0,014165183
Çarşamba;0,004377439
Salı;0,010876493
Pazartesi;0,001119534
Cuma;-0,018455411
Perşembe;0,006006317
Çarşamba;0,004489237
Salı;0,001593831
Pazartesi;0,005982328
Cuma;-0,003219274
Perşembe;-0,017101901
Çarşamba;-0,007255488
Salı;-0,024072695
Pazartesi;-0,006419049
Cuma;0,004582006
Perşembe;0,006624434
Çarşamba;-0,003256293
Salı;-0,005681881
Pazartesi;0,009122492
Cuma;0,020185282
Perşembe;-0,002894072
Çarşamba;-8,23404E-05
Salı;-0,012311774
Pazartesi;-0,019461894
Cuma;0,015452399
Perşembe;-0,00118923
Çarşamba;0,019731314
Salı;0,00650241
Pazartesi;0,003194735
Cuma;-0,00551568
Perşembe;-0,017847445
Çarşamba;-0,003036423
Salı;-0,003112713
Pazartesi;0,014889768
Cuma;-0,020436281
Perşembe;0,013908756
Çarşamba;0,016730102
Salı;-0,010384241
Pazartesi;0,002128345
Cuma;-0,00872356
Perşembe;-0,001597338
Çarşamba;-0,014019078
Salı;-0,035144999
Pazartesi;0,01114959
Cuma;-0,007901473
Perşembe;-0,006963183
Çarşamba;-0,036472338
Salı;-0,002333426
Pazartesi;0,007183351
Cuma;-0,005396334
Perşembe;-0,005132572
Çarşamba;-0,004092012
Salı;-0,015864817
Pazartesi;-0,013769192
Cuma;-0,023669404
Perşembe;0,011415913
Çarşamba;-0,014368174
Salı;-0,012290745
Pazartesi;-0,018784281
Cuma;0,006918644
Perşembe;0,02016086
Çarşamba;0,006385196
Salı;0,025405612
Pazartesi;-0,029138338
Cuma;-0,001442383
Perşembe;0,015234371
Çarşamba;-0,009671237
Salı;0,019363995
Pazartesi;-0,000837473
Cuma;-0,010874459
Perşembe;-0,006895846
Çarşamba;0,002999838
Salı;0,007316589
Pazartesi;-0,026929079
Cuma;0,018045955
Perşembe;0,004249079
Çarşamba;-0,010598307
Salı;0,023352458
Pazartesi;-0,002057222
Cuma;0,02617788
Perşembe;-0,006260851
Çarşamba;0,030194308
Salı;-0,008377546
Pazartesi;0,009410763
Cuma;-0,007766146
Perşembe;-0,01772077
Çarşamba;0,013127352
Salı;-0,04550034
Pazartesi;0,003659814
Cuma;-0,023473575
Perşembe;-0,028782538
Çarşamba;0,029193645
Salı;0,017346522
Pazartesi;0,014627235
Cuma;0,032121837
Perşembe;0,011244688
Çarşamba;0,015079057
Salı;-7,15244E-05
Pazartesi;-0,000840795
Cuma;0,0057996
Perşembe;-0,011813064
Cuma;0,011439335
Perşembe;0,006086813
Çarşamba;-0,014290539
Salı;-0,015718446
Pazartesi;0,021801734
Cuma;0,017347455
Perşembe;-0,007478545
Çarşamba;-0,020466959
Salı;0,014461361
Pazartesi;-0,000337667
Cuma;0,009429442
Perşembe;-0,015741649
Çarşamba;0,033317653
Salı;0,0163367
Pazartesi;-0,005273365
Cuma;0,014574497
Perşembe;-0,012847779
Çarşamba;0,014869343
Salı;-0,012804619
Pazartesi;-0,005743998
Cuma;-0,017101232
Perşembe;-0,001920258
Çarşamba;0,001431814
Salı;-0,001781349
Pazartesi;0,038592589
Cuma;0,003910943
Perşembe;0,001088312
Çarşamba;-0,01296904
Salı;-0,012401118
Pazartesi;-0,025378985
Cuma;-0,008450954
Perşembe;0,028995146
Çarşamba;0,047952086
Salı;0,001002325
Pazartesi;-0,049765364
Cuma;-0,000621601
Perşembe;-0,013581282
Çarşamba;-0,017556395
Salı;0,009381747
Pazartesi;-0,018636514
Cuma;0,005344921
Perşembe;0,014015061
Çarşamba;-0,025981985
Salı;-0,003954367
Pazartesi;-0,017694709
Cuma;0,024126182
Pazartesi;-0,026144682
Cuma;-0,00442158
Perşembe;-0,013874009
Çarşamba;0,001641154
Salı;-0,012212618
Pazartesi;0,016575906
Cuma;-0,004231358
Perşembe;-0,021256324
Çarşamba;0,042808239
Salı;-0,002234225
Pazartesi;-0,011377491
Cuma;-0,024529496
Perşembe;-0,003301156
Çarşamba;-0,033406478
Salı;0,051391683
Pazartesi;-0,012865397
Cuma;0,073400048
Perşembe;0,052957213
Çarşamba;0,032976853
Salı;0,007215203
Pazartesi;0,002716558
