Gün;Getiri
Salı;-0,002716558
Çarşamba;-0,007215203
Perşembe;-0,032976853
Cuma;-0,052957213
Pazartesi;-0,073400048
Salı;0,012865397
Çarşamba;-0,051391683
Perşembe;0,033406478
Cuma;0,003301156
Pazartesi;0,024529496
Salı;0,011377491
Çarşamba;0,002234225
Perşembe;-0,042808239
Cuma;0,021256324
Pazartesi;0,004231358
Salı;-0,016575906
Çarşamba;0,012212618
Perşembe;-0,001641154
Cuma;0,013874009
Pazartesi;0,00442158
Cuma;0,026144682
Pazartesi;-0,024126182
Salı;0,017694709
Çarşamba;0,003954367
Perşembe;0,025981985
Cuma;-0,014015061
Pazartesi;-0,005344921
Salı;0,018636514
Çarşamba;-0,009381747
Perşembe;0,017556395
Cuma;0,013581282
Pazartesi;0,000621601
Salı;0,049765364
Çarşamba;-0,001002325
Perşembe;-0,047952086
Cuma;-0,028995146
Pazartesi;0,008450954
Salı;0,025378985
Çarşamba;0,012401118
Perşembe;0,01296904
Cuma;-0,001088312
Pazartesi;-0,003910943
Salı;-0,038592589
Çarşamba;0,001781349
Perşembe;-0,001431814
Cuma;0,001920258
Pazartesi;0,017101232
Salı;0,005743998
Çarşamba;0,012804619
Perşembe;-0,014869343
Cuma;0,012847779
Pazartesi;-0,014574497
Salı;0,005273365
Çarşamba;-0,0163367
Perşembe;-0,033317653
Cuma;0,015741649
Pazartesi;-0,009429442
Salı;0,000337667
Çarşamba;-0,014461361
Perşembe;0,020466959
Cuma;0,007478545
Pazartesi;-0,017347455
Salı;-0,021801734
Çarşamba;0,015718446
Perşembe;0,014290539
Cuma;-0,006086813
Perşembe;-0,011439335
Cuma;0,011813064
Pazartesi;-0,0057996
Salı;0,000840795
Çarşamba;7,15244E-05
Perşembe;-0,015079057
Cuma;-0,011244688
Pazartesi;-0,032121837
Salı;-0,014627235
Çarşamba;-0,017346522
Perşembe;-0,029193645
Cuma;0,028782538
Pazartesi;0,023473575
Salı;-0,003659814
Çarşamba;0,04550034
Perşembe;-0,013127352
Cuma;0,01772077
Pazartesi;0,007766146
Salı;-0,009410763
Çarşamba;0,008377546
Perşembe;-0,030194308
Cuma;0,006260851
Pazartesi;-0,02617788
Salı;0,002057222
Çarşamba;-0,023352458
Perşembe;0,010598307
Cuma;-0,004249079
Pazartesi;-0,018045955
Salı;0,026929079
Çarşamba;-0,007316589
Perşembe;-0,002999838
Cuma;0,006895846
Pazartesi;0,010874459
Salı;0,000837473
Çarşamba;-0,019363995
Perşembe;0,009671237
Cuma;-0,015234371
Pazartesi;0,001442383
Salı;0,029138338
Çarşamba;-0,025405612
Perşembe;-0,006385196
Cuma;-0,02016086
Pazartesi;-0,006918644
Salı;0,018784281
Çarşamba;0,012290745
Perşembe;0,014368174
Cuma;-0,011415913
Pazartesi;0,023669404
Salı;0,013769192
Çarşamba;0,015864817
Perşembe;0,004092012
Cuma;0,005132572
Pazartesi;0,005396334
Salı;-0,007183351
Çarşamba;0,002333426
Perşembe;0,036472338
Cuma;0,006963183
Pazartesi;0,007901473
Salı;-0,01114959
Çarşamba;0,035144999
Perşembe;0,014019078
Cuma;0,001597338
Pazartesi;0,00872356
Salı;-0,002128345
Çarşamba;0,010384241
Perşembe;-0,016730102
Cuma;-0,013908756
Pazartesi;0,020436281
Salı;-0,014889768
Çarşamba;0,003112713
Perşembe;0,003036423
Cuma;0,017847445
Pazartesi;0,00551568
Salı;-0,003194735
Çarşamba;-0,00650241
Perşembe;-0,019731314
Cuma;0,00118923
Pazartesi;-0,015452399
Salı;0,019461894
Çarşamba;0,012311774
Perşembe;8,23404E-05
Cuma;0,002894072
Pazartesi;-0,020185282
Salı;-0,009122492
Çarşamba;0,005681881
Perşembe;0,003256293
Cuma;-0,006624434
Pazartesi;-0,004582006
Salı;0,006419049
Çarşamba;0,024072695
Perşembe;0,007255488
Cuma;0,017101901
Pazartesi;0,003219274
Salı;-0,005982328
Çarşamba;-0,001593831
Perşembe;-0,004489237
Cuma;-0,006006317
Pazartesi;0,018455411
Salı;-0,001119534
Çarşamba;-0,010876493
Perşembe;-0,004377439
Cuma;0,014165183
Pazartesi;0,008708745
Salı;0,005005792
Çarşamba;-0,013057943
Perşembe;-0,006440393
Cuma;-0,018260225
Pazartesi;-0,002086192
Salı;-0,01365904
Çarşamba;0,011963887
Perşembe;0,002960528
Cuma;-0,005054632
Pazartesi;-0,001734663
Salı;0,002889436
Çarşamba;-0,008626953
Perşembe;-0,004734131
Cuma;0,004584449
Salı;-0,006959946
Çarşamba;0,003928227
Perşembe;0,012220449
Cuma;-0,001335807
Pazartesi;-0,009734172
Çarşamba;-0,017923374
Perşembe;0,00578535
Cuma;-0,004564597
Pazartesi;-0,003496685
Salı;-0,001037777
Çarşamba;-0,011228957
Perşembe;0,012453759
Cuma;0,000883647
Pazartesi;-0,017459986
Salı;-0,006955373
Çarşamba;0,011215653
Perşembe;-0,013341386
Cuma;-0,00691366
Pazartesi;-0,006979478
Salı;0,009487921
Çarşamba;-0,0238459
Perşembe;-0,014767419
Cuma;-0,001950295
Pazartesi;0,000620132
Salı;0,010988922
Çarşamba;-0,00587838
Perşembe;-0,000471767
Cuma;0,008475929
Pazartesi;0,003162285
Salı;0,001004088
Çarşamba;0,007996616
Perşembe;0,007933177
Cuma;0,010596962
Pazartesi;0,003571277
Salı;0,012030636
Çarşamba;0,000841556
Perşembe;0,001972303
Cuma;0,001763201
Pazartesi;-0,002448778
Salı;0,016578488
Çarşamba;0,001701755
Perşembe;0,017340076
Cuma;0,000181982
Pazartesi;-0,01620981
Salı;0,010835683
Çarşamba;0,017426726
Perşembe;-0,005917711
Cuma;0,027886313
Pazartesi;-0,00951057
Salı;0,01235257
Çarşamba;0,00421616
Perşembe;-0,016229809
Cuma;0,01296981
Pazartesi;-0,002759414
Salı;0,00820798
Çarşamba;-0,001188844
Perşembe;-0,011549572
Cuma;0,005392574
Pazartesi;0,000207441
Salı;-0,003228181
Çarşamba;-0,000448294
Perşembe;-0,001666854
Cuma;-0,008845409
Pazartesi;-0,017220839
Salı;0,009275714
Çarşamba;0,006584801
Perşembe;0,033982035
Cuma;0,008298673
Pazartesi;0,010185166
Salı;-0,011942103
Çarşamba;-0,002789446
Perşembe;-0,004739605
Cuma;0,023644987
Pazartesi;0,004171735
Salı;-0,009792056
Çarşamba;-0,003687223
Perşembe;-0,003065018
Cuma;0,009643127
Pazartesi;0,000353099
Salı;-0,015281405
Çarşamba;0,007004603
Perşembe;0,004693974
Cuma;0,01288721
Çarşamba;0,005323558
Perşembe;-0,000453899
Cuma;-0,006452468
Pazartesi;0,00437704
Salı;0,00298302
Çarşamba;0,000211653
Cuma;0,018199887
Pazartesi;-0,00237784
Salı;-0,004623217
Çarşamba;0,009832219
Perşembe;0,002306431
Cuma;0,003273084
Pazartesi;0,00271941
Salı;-0,000249583
Çarşamba;0,001159301
Perşembe;-0,013183435
Cuma;0,013124769
Pazartesi;-0,001291535
Salı;-0,007251749
Çarşamba;-0,007200417
Perşembe;-0,001685096
Cuma;0,013181008
Pazartesi;-0,010126069
Salı;0,008932268
Çarşamba;-0,016864609
Perşembe;0,001423786
Cuma;-0,00561698
Pazartesi;0,005377326
Salı;0,011068767
Çarşamba;-0,0100656
Perşembe;0,00130112
Cuma;0,007074114
Pazartesi;0,00075657
Salı;0,009269576
Çarşamba;0,005786672
Perşembe;0,016228007
Cuma;0,000359244
Pazartesi;0,002396448
Salı;0,007311603
Çarşamba;0,00574596
Perşembe;-0,004693613
Cuma;0,005923634
Pazartesi;0,006267935
Salı;-0,006437503
Çarşamba;-0,000763413
Salı;0,014169098
Çarşamba;0,011258663
Perşembe;0,000330847
Cuma;-0,015697383
Pazartesi;0,01823025
Salı;-0,009628676
Çarşamba;-0,006056616
Perşembe;0,014488486
Cuma;-0,011490401
Pazartesi;-0,006467542
Salı;0,009178984
Çarşamba;-0,009613513
Perşembe;0,003792256
Cuma;-0,0113213
Pazartesi;-0,002602584
Salı;0,000424797
Çarşamba;-0,002494721
Perşembe;-0,007621825
Cuma;0,015298673
Pazartesi;0,012080975
Salı;0,00184893
Çarşamba;-0,000361176
Perşembe;0,006577923
Cuma;0,008384468
Pazartesi;0,016830159
Salı;0,016339753
Çarşamba;0,00679597
Perşembe;-0,003319636
Cuma;0,005998913
Pazartesi;0,006432404
Salı;0,001055038
Çarşamba;0,007638525
Perşembe;-0,005713672
Cuma;-0,008743596
Pazartesi;0,015270848
Salı;-0,002183957
Çarşamba;-0,006333242
Perşembe;5,20752E-05
Cuma;-0,001680793
Pazartesi;0,00816893
Salı;0,003640828
Çarşamba;0,005077556
Perşembe;0,00591903
Cuma;0,001592022
Pazartesi;-0,004732544
Çarşamba;0,018169648
Perşembe;0,004897458
Cuma;-0,00587732
Pazartesi;0,008260993
Salı;-0,000773135
Çarşamba;0,012237384
Perşembe;-0,00385219
Cuma;0,002434038
Pazartesi;0,011728469
Salı;0,005060961
Çarşamba;0,020134263
Perşembe;0,009210327
Cuma;0,001707239
Pazartesi;0,003253334
Salı;0,004270786
Çarşamba;0,008070374
Perşembe;0,001122822
Cuma;-0,019662652
Pazartesi;-0,043268301
Salı;0,012391186
Çarşamba;-0,039654987
Perşembe;-0,002535402
Cuma;0,018100554
Pazartesi;0,006225749
Salı;-0,005129395
Çarşamba;-0,003192739
Perşembe;-0,024084146
Cuma;0,00682257
Pazartesi;-0,018315248
Salı;0,010596552
Çarşamba;-0,001743344
Perşembe;-0,004668128
Cuma;0,006437087
Pazartesi;-0,002218106
Salı;0,004699624
Çarşamba;0,007838886
Perşembe;-0,020774313
Cuma;-0,017889331
Pazartesi;0,010106988
Salı;0,010948068
Çarşamba;0,008376205
Perşembe;0,014832018
Cuma;0,006708484
Pazartesi;0,00927225
Salı;0,005431064
Çarşamba;0,013760364
Perşembe;-0,004133925
Cuma;0,020644474
Pazartesi;-0,005064153
Salı;0,002739267
Çarşamba;-0,008784935
Perşembe;-0,007739967
Cuma;0,01372548
Pazartesi;0,003171288
Salı;-0,013195495
Çarşamba;-0,001520247
Perşembe;0,002589116
Cuma;0,000946453
Pazartesi;0,003801043
Salı;0,014454152
Çarşamba;0,002664036
Perşembe;0,012499499
Cuma;0,007537152
Pazartesi;0,002476587
Salı;-0,000987574
Çarşamba;-0,013658361
Perşembe;-0,019226786
Cuma;-0,014191328
Pazartesi;0,015427889
Salı;-0,006946939
Çarşamba;-0,004431697
Perşembe;0,020408259
Cuma;0,005667417
Pazartesi;0,006199633
Salı;-0,004722851
Çarşamba;-0,003642733
Perşembe;-0,01624537
Cuma;0,002970127
Pazartesi;0,00882211
Çarşamba;0,008969095
Perşembe;0,001920777
Cuma;0,001987593
Pazartesi;0,000493346
Salı;0,010420655
Perşembe;0,030039576
Cuma;0,004770379
Pazartesi;0,006945987
Salı;-0,002857559
Çarşamba;0,015451389
Perşembe;-0,010189099
Cuma;-0,004033432
Pazartesi;0,002185866
Salı;0,016813245
Çarşamba;0,008996838
Perşembe;-0,001792904
Cuma;-0,000239297
Pazartesi;-0,019331702
Salı;0,011314883
Çarşamba;0,021566166
Perşembe;-0,019813145
Cuma;-0,003673914
Pazartesi;-0,005166262
Salı;-0,006993152
Çarşamba;-0,030958309
Perşembe;-5,73575E-05
Cuma;-0,013629225
Pazartesi;-0,110633402
Salı;0,047549806
Çarşamba;-0,013668605
Perşembe;-0,048128003
Cuma;0,031618164
Pazartesi;-0,025169537
Salı;-0,017764802
Çarşamba;0,024224141
Perşembe;-0,005111832
Cuma;0,045017186
Pazartesi;-0,013400051
Salı;-0,015394149
Çarşamba;0,013987135
Perşembe;-0,070588795
Cuma;-0,00491254
Pazartesi;-0,03425917
Salı;0,008106914
Çarşamba;0,03635962
Perşembe;0,025533757
Cuma;0,007010558
Pazartesi;0,005776586
Salı;-0,003890954
Çarşamba;-0,036232469
Perşembe;0,022679324
Cuma;-0,03094738
Pazartesi;-0,019752842
Salı;0,004176418
Çarşamba;-0,0126945
Perşembe;0,010023603
Cuma;0,029265293
Pazartesi;0,030718366
Salı;-0,007241352
Çarşamba;0,018252553
Perşembe;-0,000635971
Cuma;-0,015030009
Pazartesi;-0,000764718
Salı;-0,00592657
Çarşamba;-0,018115006
Perşembe;-0,002231766
Cuma;-0,017691114
Pazartesi;0,00527858
Salı;0,020114685
Çarşamba;-0,014127625
Perşembe;0,000340648
Cuma;0,008559757
Pazartesi;0,003465413
Salı;-0,003478921
Çarşamba;-0,006599968
Pazartesi;0,024578191
Salı;0,001842414
Çarşamba;0,000953011
Perşembe;-0,021503329
Cuma;0,00400667
Pazartesi;-0,025802956
Salı;-0,002476019
Çarşamba;-0,035166012
Perşembe;-0,020419668
Cuma;-0,005402562
Pazartesi;0,012333102
Salı;-0,048484867
Çarşamba;-0,00103839
Perşembe;0,014289641
Pazartesi;0,031883773
Salı;-0,023200911
Çarşamba;-0,000104525
Perşembe;-0,003755213
Cuma;0,007719509
Pazartesi;0,035893161
Salı;0,029674845
Çarşamba;-0,000222903
Perşembe;0,013149524
Cuma;-0,015060171
Pazartesi;0,035975201
Salı;0,007031604
Çarşamba;-0,001632719
Perşembe;0,06237139
Cuma;-0,020378385
Pazartesi;-0,013642071
Salı;-0,003625981
Çarşamba;-0,003875263
Perşembe;-0,008113207
Cuma;-0,011250867
Pazartesi;-0,00381887
Salı;0,026273894
Çarşamba;-0,017239418
Perşembe;0,014620588
Cuma;-0,000826354
Pazartesi;-0,004023462
Salı;-0,011088777
Çarşamba;-0,007756746
Perşembe;0,015400907
Cuma;0,007061209
Pazartesi;0,000774222
Pazartesi;0,034069002
Salı;0,0049953
Çarşamba;-0,009582551
Perşembe;0,004194157
Cuma;0,005388394
Pazartesi;0,003689321
Çarşamba;-0,008152288
Perşembe;-0,016596884
Cuma;-0,014521313
Pazartesi;-0,003496255
Salı;-0,019738616
Çarşamba;0,013620297
Perşembe;0,000567353
Cuma;-0,025300221
Pazartesi;-0,024347695
Salı;-0,003262872
Çarşamba;0,0058517
Perşembe;0,022529695
Cuma;0,004020296
Pazartesi;0,017682334
Salı;-0,013048063
Çarşamba;0,010186755
Perşembe;-0,009369592
Cuma;0,012759874
Pazartesi;0,011737085
Salı;-0,012729142
Çarşamba;-0,008866261
Perşembe;-0,00422811
Cuma;0,015539667
Pazartesi;-0,010577475
Salı;-0,025184054
Çarşamba;2,73643E-05
Perşembe;-0,015122875
Cuma;0,019069161
Pazartesi;0,011584632
Salı;-0,001550377
Çarşamba;-0,00205289
Perşembe;-0,012160272
Cuma;0,01349783
Pazartesi;0,0104495
Salı;-0,053473562
Çarşamba;0,006616912
Perşembe;-0,032981205
Cuma;0,00682183
Pazartesi;-0,021604949
Salı;0,013305907
Çarşamba;-0,042954159
Perşembe;-0,023605786
Cuma;-0,010432982
Pazartesi;0,06221721
Salı;-0,002710109
Perşembe;-0,012108051
Cuma;-0,015329025
Pazartesi;0,030676565
Salı;0,008446775
Çarşamba;-0,018642351
Perşembe;-0,013727729
Cuma;0,022304872
Pazartesi;0,002206305
Salı;0,000161604
Çarşamba;0,000910372
Perşembe;-0,019129485
Cuma;-0,018252456
Pazartesi;0,001963486
Salı;0,008403856
Çarşamba;0,015678851
Perşembe;-0,029189699
Cuma;-0,015417264
Pazartesi;0,002186098
Salı;-0,01600184
Çarşamba;-0,02316374
Perşembe;0,009808557
Cuma;-0,013535961
Pazartesi;-0,002962773
Salı;0,017008963
Çarşamba;-0,004649499
Perşembe;0,033201991
Cuma;0,000990988
Pazartesi;-0,008767077
Salı;0,003600069
Çarşamba;0,003618157
Perşembe;-0,011677804
Cuma;0,017381197
Pazartesi;0,010974804
Salı;-0,022710554
Çarşamba;-0,011669988
Perşembe;0,004706335
Cuma;0,003214
Pazartesi;0,004684873
Salı;-0,032652731
Çarşamba;-0,010046434
Perşembe;0,004477547
Cuma;0,012450697
Pazartesi;-0,022046763
Salı;0,029659234
Çarşamba;0,00654672
Perşembe;0,008772193
Cuma;-0,014288205
Pazartesi;-0,005785692
Salı;0,005310113
Çarşamba;0,003055613
Perşembe;0,001358567
Cuma;-0,001042457
Pazartesi;0,014418537
Salı;0,021207218
Çarşamba;-0,001327626
Perşembe;-0,003457035
Cuma;-0,010505334
Pazartesi;-0,013547744
Salı;0,01535784
Çarşamba;0,045844602
Perşembe;-0,010135197
Cuma;0,03039194
Pazartesi;0,008915963
Salı;0,015947078
Çarşamba;-0,002953961
Perşembe;0,012616822
Cuma;0,014404112
Pazartesi;-0,001295908
Salı;0,019913794
Çarşamba;-0,020741849
Perşembe;0,009905356
Cuma;-0,00567568
Pazartesi;0,014183473
Salı;-0,018288897
Çarşamba;-0,000538536
Perşembe;0,015936101
Cuma;-0,001169766
Pazartesi;-0,000394765
Salı;-0,003778557
Perşembe;-0,010703519
Cuma;-0,013938186
Pazartesi;0,014048691
Salı;-0,001160911
Çarşamba;0,021302289
Cuma;0,017272004
Pazartesi;-0,005309511
Salı;0,005721885
Çarşamba;-0,002970227
Perşembe;0,010812781
Cuma;-0,002894052
Pazartesi;0,004924135
Salı;-0,00210926
Çarşamba;0,0035831
Perşembe;-0,010841218
Cuma;-0,002915396
Salı;0,00327424
Çarşamba;0,015819986
Perşembe;0,020557624
Cuma;0,000230615
Pazartesi;0,006919294
Salı;-0,013706214
Çarşamba;0,00594107
Perşembe;0,016593407
Cuma;-0,000126111
Pazartesi;-0,008117102
Salı;0,002146482
Çarşamba;-0,005508815
Perşembe;0,017928515
Cuma;0,007428203
Pazartesi;0,004418196
Salı;0,011303729
Çarşamba;-0,032997586
Perşembe;0,010235839
Cuma;-0,010349739
Pazartesi;-0,017439705
Salı;0,004753899
Çarşamba;0,00098649
Perşembe;0,012268687
Cuma;-0,008332429
Pazartesi;0,011741868
Salı;-0,004307928
Çarşamba;0,000151914
Perşembe;-0,011381264
Cuma;0,004700601
Pazartesi;0,000216614
Salı;-0,01776442
Çarşamba;-0,003572848
Perşembe;0,00903084
Cuma;7,73874E-05
Pazartesi;0,01809796
Salı;0,004297222
Çarşamba;0,002116536
Perşembe;-0,011480339
Cuma;0,010284039
Pazartesi;0,0157267
Salı;0,007697716
Çarşamba;0,012549395
Perşembe;-0,005949278
Cuma;0,006483953
Pazartesi;-0,00054683
Salı;0,003167459
Çarşamba;0,003918112
Perşembe;0,0116392
Cuma;0,004677383
Perşembe;-0,024776624
Cuma;-0,000767119
Pazartesi;-0,002451415
Salı;-0,015393912
Çarşamba;-0,015118296
Perşembe;-0,007442776
Cuma;0,004505139
Pazartesi;-0,024644949
Salı;0,007169691
Çarşamba;-0,002676172
Perşembe;-0,000631488
Cuma;-0,011383354
Pazartesi;0,008439745
Salı;0,024698289
Çarşamba;-0,005172545
Perşembe;0,001153176
Cuma;-0,000354682
Pazartesi;0,004197437
Salı;0,018648676
Çarşamba;-0,003560334
Perşembe;0,00459999
Cuma;-0,006515651
Pazartesi;0,006354823
Salı;-0,00142384
Çarşamba;0,007185127
Perşembe;0,011423943
Cuma;-0,000401413
Pazartesi;8,51618E-05
Salı;-0,026129167
Çarşamba;-0,00662781
Perşembe;-0,007380945
Cuma;-0,014606062
Pazartesi;0,001245674
Salı;0,009159901
Çarşamba;0,004225814
Perşembe;-0,018816385
Cuma;-0,007434401
Pazartesi;-0,000676238
Salı;-0,002618229
Çarşamba;-0,019439313
Perşembe;-0,008038285
Cuma;0,000549513
Pazartesi;0,00018757
Salı;0,003904166
Çarşamba;-0,010503608
Perşembe;-0,004013166
Cuma;0,007096534
Çarşamba;-0,019562551
Perşembe;0,030579294
Cuma;-0,023053838
Pazartesi;0,021829815
Salı;-0,005727538
Çarşamba;0,00226022
Perşembe;-0,003747528
Cuma;0,012750907
Pazartesi;0,0105095
Salı;0,017080888
Çarşamba;0,005586714
Perşembe;0,017947377
Cuma;-0,000981675
Pazartesi;-0,002294331
Salı;0,004457772
Perşembe;0,003887445
Cuma;0,008487143
Pazartesi;-0,006873906
Salı;0,002994462
Çarşamba;-0,016480301
Perşembe;-0,018483775
Cuma;0,00576326
Pazartesi;-0,002761705
Salı;0,008453677
Çarşamba;0,025089793
Perşembe;0,005965132
Cuma;0,004145902
Pazartesi;-0,008805835
Salı;0,010257768
Çarşamba;0,001621702
Perşembe;0,012807083
Cuma;0,009288702
Pazartesi;-0,000360287
Salı;0,003345668
Çarşamba;0,008487659
Perşembe;0,005280243
Cuma;0,017324761
Pazartesi;-0,000255345
Salı;-0,014404383
Çarşamba;0
Perşembe;0,015413775
Cuma;-0,011593724
Pazartesi;-0,004951233
Salı;-0,015349641
Çarşamba;0,007145742
Perşembe;0,007012419
Cuma;-0,017768295
Pazartesi;-0,00508343
Salı;-0,044613713
Çarşamba;0,020374177
Perşembe;0,029322966
Cuma;0,004172668
Pazartesi;0,018611474
Salı;-0,007734428
Çarşamba;0,003945431
Perşembe;3,53676E-05
Cuma;0,001437222
Pazartesi;-0,009997185
Salı;0,00515896
Çarşamba;0,013908528
Cuma;-0,003061108
Pazartesi;0,011679848
Salı;0,005156524
Çarşamba;-0,001531491
Perşembe;0,010466258
Cuma;-0,000479075
Pazartesi;0,002472753
Salı;0,005085776
Çarşamba;-0,008528788
Perşembe;0,002053553
Cuma;-0,003733755
Pazartesi;0,006726662
Salı;0,013476046
Çarşamba;0,012400375
Perşembe;0,006511589
Cuma;-0,001838813
Pazartesi;0,007433509
Salı;-0,002881199
Çarşamba;-0,008904033
Perşembe;-0,019944764
Cuma;0,004371739
Pazartesi;0,008586242
Salı;-0,024874041
Çarşamba;-0,018441409
Perşembe;-0,001409444
Cuma;-0,00939249
Pazartesi;-0,004871413
Salı;-0,017389668
Çarşamba;0,003758748
Perşembe;0,031315976
Cuma;-0,003188051
Pazartesi;0,002700031
Salı;-0,018960361
Çarşamba;0,011974217
Perşembe;0,011311917
Cuma;-0,010761987
Pazartesi;0,009302826
Salı;0,004659534
Çarşamba;0,000484362
Perşembe;-0,009475999
Cuma;-0,020781282
Pazartesi;-0,002391506
Salı;0,004243666
Çarşamba;-0,026893327
Perşembe;-0,015806577
Cuma;-0,005835264
Pazartesi;0,00416266
Salı;-0,033642895
Çarşamba;0,003839906
Perşembe;0,000204381
Cuma;-0,02131297
Pazartesi;0,020073266
Salı;0,023195564
Çarşamba;-0,001112688
Perşembe;0,024466203
Cuma;0,007103443
Pazartesi;0,014869626
Salı;-0,020619038
Çarşamba;0,00748112
Perşembe;-0,014220588
Cuma;-0,007242481
Pazartesi;0,01582098
Salı;-0,016414525
Çarşamba;0,004479968
Perşembe;0,005734123
Cuma;0,016008115
Pazartesi;0,001637332
Salı;-0,00801956
Çarşamba;0,004029897
Perşembe;0,008598298
Cuma;-0,010447856
Pazartesi;-0,008603563
Salı;0,004651228
Çarşamba;-0,011754922
Perşembe;0,013175196
Cuma;-0,000230506
Pazartesi;-0,001396301
Salı;0,023713299
Çarşamba;-0,005926543
Cuma;0,020918374
Pazartesi;0,009898134
Salı;-0,002236243
Çarşamba;-0,002683131
Perşembe;-0,023905802
Pazartesi;0,000857316
Salı;-0,007622498
Çarşamba;-0,01133758
Perşembe;0,001563532
Cuma;0,017884411
Pazartesi;0,008210314
Salı;0,007171608
Çarşamba;0,012271664
Perşembe;0,009524375
Cuma;0,004129283
Pazartesi;0,011880519
Çarşamba;-0,009759603
Perşembe;-0,014063413
Cuma;-0,008829951
Pazartesi;-0,014521506
Salı;-0,010914647
Çarşamba;0,007657489
Perşembe;-0,008602357
Cuma;-0,007072938
Pazartesi;-0,031236858
Salı;0,012246135
Çarşamba;0,023955421
Perşembe;-0,010790192
Cuma;-0,006762288
Pazartesi;-0,051818187
Salı;0,004373175
Çarşamba;0,020292791
Perşembe;0,013662078
Cuma;-0,003866703
Pazartesi;-0,019839631
Salı;0,015496587
Çarşamba;0,006575659
Perşembe;0,014989982
Cuma;0,006350927
Pazartesi;0,011719449
Salı;-0,004300462
Çarşamba;0,012834414
Perşembe;-0,010321562
Cuma;0,003224978
Pazartesi;-0,021658177
Salı;0,006024188
Çarşamba;-0,00692973
Perşembe;0,002421101
Cuma;-0,008130176
Pazartesi;0,014048146
Salı;-0,009686665
Çarşamba;-0,014633594
Perşembe;0,023348512
Cuma;0,006130455
Pazartesi;0,007172976
Salı;-0,004169952
Çarşamba;-0,003776344
Perşembe;0,000749163
Pazartesi;-0,017915292
Salı;0,003241176
Çarşamba;-0,004447018
Perşembe;-0,036166114
Cuma;0,004775589
Pazartesi;-0,017429188
Salı;0,008650038
Çarşamba;0,00071747
Perşembe;0,002443222
Cuma;0,020723837
Pazartesi;-0,022091818
Salı;0,000907934
Çarşamba;-0,001291816
Perşembe;0,008525766
Cuma;-0,004782811
Pazartesi;-0,011954838
Salı;0,028307077
Çarşamba;-0,019570592
Perşembe;-0,014028222
Cuma;0,002888697
Pazartesi;-0,005018457
Salı;-0,012585035
Çarşamba;-0,008726751
Perşembe;-0,008241036
Cuma;-0,011907468
Pazartesi;-0,033846417
Salı;0,029936237
Çarşamba;0,001440942
Perşembe;0,016129273
Cuma;-0,002288315
Pazartesi;0,007580849
Salı;-0,022046867
Çarşamba;0,001168272
Perşembe;0,00471354
Cuma;-0,014344871
Pazartesi;-0,014971001
Salı;0,002584807
Çarşamba;-0,000680296
Perşembe;-0,002168927
Cuma;-0,006927499
Pazartesi;-0,000729057
Salı;0,025944198
Çarşamba;0,013250082
Perşembe;0,011158166
Cuma;0,001572495
Pazartesi;0,010095475
Salı;-0,011494608
Çarşamba;-0,005133564
Pazartesi;-0,01750932
Salı;0,01278029
Çarşamba;-0,000713983
Perşembe;0,004383613
Cuma;-0,001799528
Pazartesi;0,033129269
Salı;0,004618526
Çarşamba;0,018454328
Perşembe;-0,000470262
Cuma;0,007018195
Pazartesi;0,001072454
Salı;-0,011937297
Çarşamba;0,012945616
Perşembe;-0,00147501
Cuma;-0,009876655
Pazartesi;0,015813854
Salı;0,009498858
Çarşamba;-0,009122682
Perşembe;0,006136714
Cuma;-0,00163361
Pazartesi;-0,010829094
Salı;-0,007585916
Çarşamba;-0,001615787
Cuma;0,011054594
Pazartesi;0,052555578
Salı;-0,009363364
Çarşamba;0,009243874
Perşembe;-0,008737454
Cuma;-0,012445123
Pazartesi;0,001463593
Salı;-0,010733819
Çarşamba;0,006679297
Perşembe;0,005187335
Cuma;-0,003219083
Pazartesi;-0,010225653
Salı;0,001319367
Çarşamba;-0,00790518
Perşembe;-0,000907086
Cuma;0,002991506
Pazartesi;-0,011681458
Salı;-0,044908436
Çarşamba;0,007760687
Perşembe;-0,024224848
Cuma;0,008497356
Pazartesi;-0,005368838
Salı;0,020419344
Çarşamba;-0,00509206
Perşembe;-0,012407303
Cuma;-0,015870168
Pazartesi;-0,004805171
Salı;-0,01099256
Çarşamba;0,02008396
Perşembe;-0,030355269
Cuma;-0,029083475
Pazartesi;-0,013912495
Salı;0,040269533
Çarşamba;0,009311118
Perşembe;0,012010189
Cuma;-0,017130923
Pazartesi;0,011907842
Salı;-0,003086802
Çarşamba;0,01281729
Perşembe;6,75242E-05
Cuma;0,001888829
Pazartesi;0,000714127
Salı;-0,004454771
Çarşamba;-0,009679644
Perşembe;-0,020341836
Pazartesi;-0,016999249
Salı;0,002407831
Çarşamba;0,007188901
Perşembe;0,004176776
Cuma;-0,012427241
Pazartesi;0,006155516
Salı;0,009678692
Çarşamba;0,01066222
Perşembe;-0,007864353
Cuma;-0,012293603
Pazartesi;-0,000309637
Salı;0,000464419
Çarşamba;-0,020885481
Perşembe;-0,014996083
Cuma;0,024148942
Pazartesi;0,004190853
Salı;0,017844068
Çarşamba;0,003392143
Perşembe;0,005177199
Cuma;0,014447711
Pazartesi;-0,000449197
Salı;-0,012908356
Çarşamba;0,010440986
Perşembe;0,016755934
Cuma;-0,00404818
Pazartesi;-0,030082496
Salı;-0,00822763
Çarşamba;0,002782654
Perşembe;-0,009427944
Cuma;-7,04826E-05
Pazartesi;0,001000388
Salı;-0,000831238
Çarşamba;0,025823325
Perşembe;0,008765808
Cuma;-0,005885543
Pazartesi;0,025408881
Salı;0,008058876
Çarşamba;-0,019162567
Perşembe;0,015207737
Cuma;-0,003636828
Pazartesi;0,011741974
Salı;0,001858087
Çarşamba;0,010907318
Perşembe;0,000520779
Cuma;0,004713713
Pazartesi;0,003788594
Salı;0,00256498
Çarşamba;0,013489442
Perşembe;0,003638373
Cuma;0,004482189
Pazartesi;0,009166726
Salı;-0,013572992
Çarşamba;0,004267683
Perşembe;0,024984814
Cuma;0,019060947
Pazartesi;0,005530655
Salı;-0,019822771
Çarşamba;-0,017046358
Perşembe;0,012044018
Cuma;-2,4583E-05
Pazartesi;-0,000135217
Salı;0,004770703
Çarşamba;0,014382096
Perşembe;0,004212154
Cuma;-0,010976581
Pazartesi;0,01821601
Salı;-0,010896971
Çarşamba;-0,017668798
Perşembe;-0,004253861
Cuma;0,016338416
Pazartesi;0,017851396
Salı;-0,003196034
Çarşamba;0,023339922
Perşembe;0,001026347
Cuma;-0,002474353
Pazartesi;0,008969505
Salı;-0,001077667
Çarşamba;-0,00816065
Perşembe;0,001413378
Cuma;0,001842566
Pazartesi;-0,008424157
Salı;0,007573267
Çarşamba;-0,00446445
Perşembe;0,001217428
Cuma;-0,001756379
Pazartesi;-0,017711715
Salı;-0,03347796
Çarşamba;-0,021028739
Perşembe;-0,008653791
Cuma;-0,004214768
Pazartesi;0,008816674
Salı;-0,003293978
Çarşamba;0,002863843
Perşembe;-0,009203533
Cuma;-0,006354434
Pazartesi;-0,010438832
Salı;0,003590947
Çarşamba;-0,000427126
Cuma;-0,011536436
Pazartesi;0,005329027
Salı;0,034177243
Çarşamba;-0,01045288
Perşembe;-0,007315938
Cuma;-8,97062E-05
Pazartesi;0,006463833
Salı;-0,009364394
Çarşamba;-0,009920127
Perşembe;-0,009953966
Cuma;0,024183394
Pazartesi;0,005793345
Salı;-0,005550218
Çarşamba;0,008599272
Perşembe;-0,014322005
Cuma;-0,010672874
Pazartesi;-0,004601725
Salı;-0,010164638
Çarşamba;0,00627646
Perşembe;-0,02074172
Cuma;0,010113142
Pazartesi;0,027356335
Salı;0,00010319
Çarşamba;-0,0034109
Perşembe;0,009313657
Cuma;-0,034224368
Pazartesi;-0,002723766
Salı;0,023250439
Çarşamba;-0,002824769
Perşembe;0,00136782
Cuma;0,014667283
Pazartesi;0,005577602
Cuma;-0,004718468
Pazartesi;0,015465734
Salı;0,023782586
Çarşamba;0,002215876
Perşembe;0,015472025
Cuma;0,00284134
Pazartesi;-0,07347013
Salı;-0,010187111
Çarşamba;-0,016878764
Perşembe;-0,045168704
Cuma;0,001995354
Pazartesi;0,033393091
Salı;-0,00656015
Çarşamba;0,018647399
Perşembe;0,002235232
Cuma;0,002150681
Pazartesi;0,017171302
Salı;-0,011907088
Çarşamba;-0,016654193
Perşembe;0,020892994
Cuma;-0,000788478
Pazartesi;0,022270087
Salı;0,009545574
Çarşamba;-0,00727248
Perşembe;0,013733575
Cuma;-0,010237717
Pazartesi;0,003114194
Salı;-0,009809273
Çarşamba;0,005659121
Perşembe;-0,002267502
Cuma;0,002241909
Pazartesi;-0,002472791
Salı;-0,007972377
Çarşamba;-0,015875211
Perşembe;0,008815931
Cuma;0,004288227
Pazartesi;-0,013064745
Çarşamba;-0,001985706
Perşembe;-0,001514942
Cuma;0,013500536
Pazartesi;0,011740806
Salı;0,002606124
Çarşamba;-0,004523325
Perşembe;0,00257258
Cuma;-0,010187503
Cuma;-0,013510011
Pazartesi;0,021485494
Salı;-0,00461984
Çarşamba;0,007769206
Perşembe;0,023842055
Cuma;-0,000501404
Pazartesi;-0,03873134
Salı;0,005653514
Çarşamba;0,006677929
Perşembe;-0,007767155
Cuma;-0,007671056
Pazartesi;0,009589373
Salı;-0,002164854
Çarşamba;0,010276893
Perşembe;0,000526488
Cuma;0,001039321
Pazartesi;-0,001809886
Salı;-0,002456925
Çarşamba;-0,002359693
Perşembe;-0,008439744
Cuma;0,009639628
Pazartesi;-0,001496852
Salı;0,011580712
Çarşamba;0,011044225
Perşembe;0,000530096
Cuma;-0,005161432
Pazartesi;0,013717567
Salı;-0,006274885
Çarşamba;-0,00044072
Perşembe;-0,008334594
Cuma;-0,005169615
Pazartesi;0,002588148
Salı;-0,014195731
Çarşamba;-0,00332469
Perşembe;-0,006382738
Cuma;-0,031987252
Pazartesi;0,018873644
Salı;0,009023409
Çarşamba;-0,002084194
Perşembe;0,001979433
Cuma;-0,015653572
Pazartesi;-0,010094141
Salı;0,009788137
Çarşamba;-0,005229816
Perşembe;0,005030198
Cuma;0,006672218
Pazartesi;-0,001256755
Salı;0,003541324
Çarşamba;-0,010275266
Perşembe;-0,011311519
Cuma;0,0022887
Pazartesi;0,008396265
Salı;-0,010523238
Çarşamba;-0,00283401
Perşembe;-0,020135137
Cuma;0,011938926
Pazartesi;0,002843713
Salı;0,024599819
Çarşamba;0,007896307
Perşembe;-0,001342459
Cuma;-0,002663925
Pazartesi;0,006751491
Salı;0,009854225
Çarşamba;-0,001481713
Perşembe;0,010326179
Cuma;-0,001146398
Pazartesi;-0,005583285
Salı;0,008388986
Çarşamba;-0,002432011
Perşembe;-0,002760865
Cuma;-0,005609659
Pazartesi;0,000727273
Salı;-0,004280322
Çarşamba;0,011008429
Perşembe;0,00370695
Cuma;0,003885243
Pazartesi;-0,004939295
Salı;-0,014717961
Çarşamba;-0,006205752
Perşembe;0,003173149
Cuma;0,009394634
Pazartesi;0,003715191
Salı;0
Çarşamba;0,003521199
Perşembe;0,040672113
Cuma;0,007794886
Pazartesi;0,002303414
Salı;0,007935437
Çarşamba;0,005038099
Perşembe;-0,005803298
Cuma;0,009276403
Pazartesi;-0,000228757
Salı;0,013871175
Çarşamba;-0,01290834
Perşembe;0,008373563
Cuma;0
Pazartesi;0,028355764
Salı;0,000672331
Çarşamba;0,006376217
Perşembe;0,006267166
Cuma;0,011320897
Pazartesi;-0,01173291
Salı;0,001361284
Çarşamba;0,008786463
Perşembe;0,006562066
Cuma;-0,015394256
Pazartesi;0,012553345
Salı;-0,005615321
Çarşamba;-0,002273193
Perşembe;0,003464554
Cuma;0,007264871
Pazartesi;-0,002728023
Salı;0,004246626
Çarşamba;-0,004890261
Perşembe;0,006832957
Cuma;-0,009921387
Pazartesi;-0,005601555
Salı;-0,003275455
Çarşamba;0,020838094
Perşembe;0,006850641
Cuma;-0,002360067
Pazartesi;0,014637889
Salı;-0,002540431
Çarşamba;-0,014742445
Perşembe;-0,005400936
Cuma;0,006808003
Pazartesi;-0,002021884
Salı;-0,003281684
Çarşamba;0,003460579
Perşembe;0,009147932
Cuma;0,002467375
Pazartesi;0,004531605
Salı;-0,003261567
Çarşamba;-0,008835243
Perşembe;-0,000501189
Cuma;0,006872193
Pazartesi;-0,00764117
Salı;0,005414824
Çarşamba;-0,010164365
Perşembe;0,000134415
Cuma;-0,003759213
Pazartesi;-0,003130351
Salı;-0,000631762
Çarşamba;0,00477344
Perşembe;-0,004028905
Cuma;-0,002054455
Pazartesi;0,030524744
Salı;-0,003689393
Çarşamba;0,00052789
Perşembe;-0,011956586
Cuma;0,00214522
Pazartesi;0,006529533
Salı;0,007910912
Çarşamba;-0,006257637
Perşembe;0,013509063
Cuma;0,004174285
Pazartesi;0,014810153
Salı;0,008830548
Çarşamba;-0,001194775
Perşembe;-0,00254232
Cuma;0,003948411
Salı;-0,00316384
Çarşamba;-0,00523859
Perşembe;-0,008828261
Cuma;0,009520519
Pazartesi;-0,001011925
Salı;0,015754518
Çarşamba;0,009095861
Perşembe;-0,011290813
Cuma;-0,001241387
Pazartesi;0,006212504
Salı;0,00598698
Çarşamba;-0,004554772
Perşembe;-0,006056433
Pazartesi;0,013083138
Salı;0,013569344
Çarşamba;0,006090892
Perşembe;-0,006131828
Cuma;-0,001843828
Pazartesi;0,001976862
Salı;-0,003875457
Çarşamba;0,001990867
Perşembe;-0,001805981
Cuma;0,015308553
Pazartesi;-0,006860881
Salı;0,001424763
Çarşamba;-0,00729785
Perşembe;0,003691305
Cuma;0,009800963
Pazartesi;0,005030633
Salı;-0,001428989
Çarşamba;0,003377974
Perşembe;-0,009063796
Cuma;-0,00552482
Pazartesi;0,011532845
Salı;-0,000634438
Çarşamba;0,001218168
Perşembe;0,006838422
Cuma;-0,004336273
Çarşamba;0,009777514
Perşembe;-0,004262785
Cuma;0,002492151
Pazartesi;0,000816075
Salı;0,006801196
Çarşamba;-0,004595159
Perşembe;-0,001162034
Cuma;-0,005410778
Pazartesi;0,010070619
Salı;0,020423659
Çarşamba;0,006058194
Perşembe;0,003845789
Cuma;0,009227043
Pazartesi;0,009849034
Salı;-0,004709
Çarşamba;0,015952594
Perşembe;-0,00636927
Cuma;0,001001971
Pazartesi;-0,001236221
Salı;0,003087693
Çarşamba;0,001540279
Perşembe;0,011002068
Cuma;-0,006404701
Pazartesi;-0,001570406
Salı;-0,012954252
Çarşamba;0,003554774
Perşembe;0,005887353
Cuma;0,012897781
Pazartesi;0,011322639
Salı;-0,001294322
Çarşamba;-0,008463372
Perşembe;-0,008452121
Cuma;-0,007794678
Pazartesi;0,023779411
Salı;-0,024246972
Çarşamba;-0,000477137
Perşembe;-0,000346301
Cuma;0,003522924
Pazartesi;0,013094614
Salı;-0,000193362
Çarşamba;0,003300439
Perşembe;0,001843133
Cuma;0,00549088
Pazartesi;0,005315899
Salı;0,000751938
Perşembe;-0,003747175
Salı;-0,010389205
Çarşamba;0,006764792
Perşembe;0,001194411
Cuma;-0,01183359
Pazartesi;0,009233235
Salı;-0,003001082
Çarşamba;-0,008965203
Perşembe;0,000813309
Cuma;-0,004648458
Pazartesi;-0,011265911
Salı;-0,015294477
Çarşamba;0,003862221
Perşembe;-0,012640799
Cuma;0,001172378
Pazartesi;-0,017956518
Salı;0,016091599
Çarşamba;-0,026431367
Perşembe;0,014058279
Cuma;0,0025005
Pazartesi;0,009891832
Salı;-0,000221325
Çarşamba;0,006140404
Perşembe;-0,002049004
Cuma;-0,001889952
Pazartesi;-0,027640672
Salı;0,020480266
Çarşamba;0,004073168
Perşembe;0,020177277
Cuma;0,002771521
Pazartesi;0,002331924
Salı;0,004843895
Çarşamba;-0,000607712
Perşembe;0,014004687
Cuma;0,000507092
Pazartesi;-0,010992177
Salı;-0,000904391
Çarşamba;0,010660656
Perşembe;-0,009458089
Cuma;0,005101791
Pazartesi;0,005389403
Salı;0,015333542
Çarşamba;0,025820664
Perşembe;-0,000256616
Cuma;-0,015177207
Pazartesi;0,025487166
Salı;-0,016729031
Çarşamba;-0,003363567
Perşembe;-0,014846699
Cuma;-0,01183435
Pazartesi;-0,00081723
Salı;0,011762263
Çarşamba;-0,022317498
Perşembe;-0,006893559
Cuma;-0,006922585
Pazartesi;-0,022146886
Salı;0,012965092
Çarşamba;0,006589934
Perşembe;-0,008891475
Cuma;-0,004647731
Pazartesi;0,002111812
Salı;-0,026032762
Çarşamba;0,002680888
Perşembe;0,015916895
Cuma;-0,004095543
Pazartesi;0,015864377
Salı;0,009883045
Çarşamba;-0,009037516
Perşembe;0,010805198
Cuma;0,013742875
Pazartesi;0,011378574
Salı;-0,000980729
Çarşamba;-0,008250431
Perşembe;0,013892492
Cuma;-0,003068552
Pazartesi;0,008361542
Salı;-0,00064421
Çarşamba;0,002520035
Perşembe;0,007369456
Cuma;-0,001555959
Pazartesi;0,005976757
Salı;0,002162917
Çarşamba;0,001275892
Perşembe;0,020562874
Cuma;0,007423461
Salı;0,018818972
Çarşamba;-0,012604202
Perşembe;-0,004845762
Cuma;0,009882516
Pazartesi;-0,00285907
Salı;-0,011083942
Çarşamba;-0,012545438
Perşembe;0,009898989
Cuma;-0,000645263
Pazartesi;-0,02192289
Salı;0,019940902
Çarşamba;0,018830829
Perşembe;0,00225317
Cuma;-0,014732835
Pazartesi;0,017970894
Salı;0,009888255
Çarşamba;0,010485376
Perşembe;-0,008763886
Cuma;0,017534485
Pazartesi;0,001184035
Salı;-0,012842257
Çarşamba;0,001892544
Perşembe;-0,004065847
Cuma;-0,007800582
Pazartesi;-0,010775856
Salı;-0,012018568
Çarşamba;0,000978241
Perşembe;-0,011364846
Cuma;-0,005916086
Pazartesi;0,010787629
Salı;-0,002860683
Çarşamba;-0,009116137
Perşembe;0,024130289
Cuma;0,002449118
Pazartesi;-0,005413257
Salı;-0,021360078
Çarşamba;0,025098271
Perşembe;0,004503411
Cuma;0,005803005
Pazartesi;0,010757024
Salı;0,000336666
Çarşamba;0,001000913
Perşembe;-0,011150536
Cuma;-0,006593027
Pazartesi;0,00074421
Salı;-0,002020064
Çarşamba;0,001130369
Perşembe;-0,00235638
Cuma;0,00298096
Pazartesi;0,012714448
Salı;-0,001216843
Çarşamba;-0,00571527
Perşembe;-0,003330568
Cuma;0,000119445
Pazartesi;-0,015180851
Salı;0,008469876
Çarşamba;0,010415203
Perşembe;-0,004608951
Cuma;-0,004338661
Pazartesi;-0,001570661
Salı;-0,001917315
Çarşamba;-0,017957639
Perşembe;0,006254006
Cuma;0,000739854
Pazartesi;-0,004255103
Salı;0,001327302
Çarşamba;-0,005407547
Perşembe;0,008491952
Cuma;-0,001828584
Pazartesi;-0,013883871
Salı;-0,02182613
Çarşamba;-0,013274974
Perşembe;0,008948157
Cuma;-0,00574058
Pazartesi;0,009841563
Salı;-0,017709741
Çarşamba;0,030376718
Perşembe;0,000205155
Cuma;-0,010670163
Salı;-0,007900815
Çarşamba;-0,024447093
Perşembe;-0,003600481
Cuma;0,005581739
Pazartesi;-0,031442393
Çarşamba;0,004239058
Perşembe;-0,017502313
Cuma;-0,003016916
Pazartesi;-0,017035283
Salı;-0,015003028
Çarşamba;0,014159971
Perşembe;0,015751303
Cuma;-0,005180369
Pazartesi;0,014794005
Salı;-0,017861975
Çarşamba;0,006067825
Perşembe;-0,00283296
Cuma;0,00529669
Pazartesi;-0,001485333
Salı;0,010409363
Çarşamba;-0,013994966
Perşembe;-0,007427508
Cuma;0,020182932
Pazartesi;0,031710846
Salı;-0,013343737
Çarşamba;-0,011905472
Perşembe;-0,031461467
Cuma;-0,01482339
Pazartesi;0,000796287
Salı;-0,014482196
Çarşamba;-0,011980748
Perşembe;0,020135665
Cuma;-0,02825895
Pazartesi;0,008154322
Salı;-0,014106752
Çarşamba;-0,019088349
Perşembe;0,011018692
Pazartesi;-0,015971851
Salı;0,014871194
Çarşamba;0,001217002
Perşembe;0,005326764
Cuma;0,008328624
Pazartesi;-0,01942545
Salı;0,00424593
Çarşamba;0,016253516
Perşembe;0,002830652
Cuma;0,003040257
Pazartesi;0,002617789
Salı;-0,00191352
Çarşamba;0,006624796
Perşembe;0,019019863
Cuma;-0,003669803
Pazartesi;0,00524278
Salı;-0,030463466
Çarşamba;-0,053178381
Perşembe;-0,018998692
Cuma;0,003644087
Pazartesi;-0,001714522
Salı;0,020797556
Çarşamba;0,007523737
Perşembe;0,007349284
Cuma;0,011534992
Pazartesi;0,012915533
Salı;-0,033838236
Çarşamba;0,034509539
Perşembe;-0,00580486
Cuma;0,008067186
Pazartesi;0,005976768
Salı;0,008223339
Çarşamba;0,002667863
Perşembe;-0,027829116
Cuma;0,01122266
Pazartesi;-0,015133282
Salı;0,020879735
Çarşamba;0,008419031
Perşembe;0,002173477
Cuma;-0,023371265
Pazartesi;-0,024038466
Salı;0,007888103
Çarşamba;-0,03436712
Perşembe;-0,035177184
Cuma;0,018103953
Pazartesi;0,016219804
Pazartesi;0,012101321
Salı;0,027903361
Çarşamba;-0,006262444
Cuma;-0,005999889
Pazartesi;0,012784212
Salı;-0,007771077
Çarşamba;-0,004280037
Perşembe;-0,000301799
Cuma;0,005493545
Pazartesi;-0,017040829
Salı;0,007507355
Çarşamba;-0,001754995
Perşembe;0,023489395
Cuma;0,003605055
Pazartesi;-0,004357305
Salı;0,005696636
Çarşamba;0,017933438
Perşembe;-0,005012334
Cuma;0,019237208
Pazartesi;0,015784872
Salı;-0,002564891
Çarşamba;-0,001441235
Perşembe;0,011531956
Cuma;-0,003415631
Pazartesi;-0,014307981
Salı;-0,003823124
Çarşamba;-0,009961741
Perşembe;-0,028079159
Cuma;0,004076466
Pazartesi;0,012609477
Salı;0,006690237
Çarşamba;-0,023968967
Perşembe;0,003245435
Cuma;0,019947894
Pazartesi;0,020216985
Salı;-0,001674303
Çarşamba;0,005317626
Perşembe;-0,015648465
Cuma;-0,010303893
Pazartesi;-0,01855267
Salı;-0,012894078
Çarşamba;-0,008347662
Perşembe;0,011328162
Cuma;-0,0347965
Salı;-0,006004161
Çarşamba;0,002230843
Perşembe;0,023945763
Cuma;0,018616161
Pazartesi;0,01920394
Salı;-0,012796751
Çarşamba;0,008043319
Perşembe;-0,021027341
Cuma;-0,007158795
Pazartesi;-0,015129111
Salı;0,013727857
Çarşamba;0,006215207
Perşembe;0,00010719
Cuma;0,003413356
Pazartesi;0,010149566
Salı;-0,030981179
Çarşamba;0,011085073
Perşembe;-0,000852501
Cuma;0,004029483
Pazartesi;0,010258695
Salı;-0,004747207
Çarşamba;0,005906578
Perşembe;0,011152512
Cuma;0,003043951
Pazartesi;-0,004643109
Salı;-0,011585799
Çarşamba;0,000958211
Perşembe;-0,012238037
Cuma;0,009349971
Pazartesi;-0,015834587
Salı;-0,004629739
Çarşamba;-0,019247014
Perşembe;0,01472706
Cuma;-0,009432995
Pazartesi;-0,006282882
Salı;0,012285004
Çarşamba;0,016109091
Perşembe;-0,007581093
Cuma;7,6205E-05
Pazartesi;-0,003642554
Salı;-0,007644383
Çarşamba;0,001891857
Perşembe;-0,000296741
Cuma;-0,005953383
Pazartesi;0,009190786
Çarşamba;-0,026703782
Perşembe;-0,016634523
Cuma;0,016251847
Pazartesi;0,012529389
Salı;0,008259203
Çarşamba;0,005059014
Perşembe;0,000427742
Cuma;0,005369566
Pazartesi;0,003994759
Salı;0,012082619
Çarşamba;0,023735896
Perşembe;0,014628723
Cuma;0,016776992
Pazartesi;-0,005091401
Salı;0,017426769
Çarşamba;0,004644235
Perşembe;0,016175476
Cuma;0,000265259
Pazartesi;-0,005032238
Salı;0,027345073
Çarşamba;0,000873794
Perşembe;-0,001104373
Cuma;-0,010985034
Pazartesi;-0,006647457
Salı;0,001885659
Çarşamba;0,001326622
Perşembe;0,001947724
Cuma;-0,003235303
Pazartesi;0,018787385
Salı;-0,006081967
Çarşamba;-0,020603626
Perşembe;0,004750323
Cuma;0,005711651
Pazartesi;-0,009645748
Salı;0,000127782
Çarşamba;0,002248262
Perşembe;0,005115801
Cuma;0,006728925
Pazartesi;0,011025768
Salı;0,007182045
Çarşamba;-0,008995248
Perşembe;0,003728361
Cuma;-0,012156244
Pazartesi;0,008927081
Salı;-0,004443939
Çarşamba;-0,002683607
Perşembe;-0,011373922
Cuma;-0,007310369
Pazartesi;-0,006798848
Salı;0,008599507
Çarşamba;0,004668552
Perşembe;0,002296841
Cuma;0,008476934
Pazartesi;0,012419652
Salı;0,002549451
Çarşamba;-0,014911023
Perşembe;0,000948152
Cuma;-0,035163505
Pazartesi;-0,005111454
Salı;-0,019796788
Çarşamba;-0,058399335
Perşembe;0,002880828
Cuma;0,017902191
Pazartesi;0,003374408
Salı;-0,006054358
Çarşamba;0,009660986
Perşembe;0,040425054
Cuma;0,00452517
Pazartesi;-0,018441377
Salı;0,011859933
Çarşamba;-0,011478476
Perşembe;-0,009757287
Cuma;-0,00099974
Pazartesi;-0,008212675
Salı;0,016844061
Çarşamba;0,0142968
Perşembe;-0,013501735
Cuma;-0,000258069
Pazartesi;-0,009418473
Çarşamba;0,001967777
Perşembe;-0,017237013
Cuma;0,003000816
Pazartesi;-0,002619932
Salı;0,009276143
Perşembe;-0,013049052
Cuma;-0,002477078
Pazartesi;-0,010314223
Salı;-0,016263694
Çarşamba;-0,013314897
Perşembe;-0,017725293
Cuma;-0,001726678
Pazartesi;-0,025742772
Salı;0,019965553
Çarşamba;-0,00733172
Perşembe;-0,002016222
Cuma;-0,004689664
Pazartesi;-0,000288073
Salı;-0,016980784
Çarşamba;-0,019351434
Perşembe;0,010946737
Cuma;0,017297171
Pazartesi;-0,006141602
Salı;0,01431058
Çarşamba;0,004690634
Perşembe;0,031899227
Cuma;0,006400837
Pazartesi;-0,002697088
Cuma;0,037614056
Pazartesi;0,003129127
Salı;-0,013663154
Çarşamba;-0,002372839
Perşembe;-0,022993034
Cuma;0,003155203
Pazartesi;0,015986179
Salı;0,021119577
Çarşamba;0,000265304
Perşembe;-0,000912942
Cuma;-0,001445425
Pazartesi;0,012262051
Salı;0,002507832
Çarşamba;-0,00620232
Perşembe;0,007793993
Cuma;0,009497202
Pazartesi;0,033139139
Salı;0,004651474
Çarşamba;-0,008398358
Perşembe;0,0001912
Cuma;0,002542498
Pazartesi;-0,009479222
Salı;-0,019273662
Çarşamba;0,018158496
Perşembe;0,008293354
Cuma;-0,023491696
Salı;0,009532374
Çarşamba;0,01797515
Perşembe;0,017480532
Cuma;0,002782491
Pazartesi;-0,007490007
Salı;0,014407674
Çarşamba;0,008747077
Perşembe;-0,013742175
Cuma;0,007731318
Pazartesi;0,005198596
Salı;-0,006668018
Çarşamba;-0,005899376
Perşembe;-0,001784472
Cuma;-0,022036917
Pazartesi;-0,01014367
Salı;0,009190156
Çarşamba;-0,015462765
Perşembe;0,011679912
Cuma;0,001983758
Perşembe;-0,028841088
Cuma;-0,008787814
Pazartesi;-0,004690617
Salı;0,007798574
Çarşamba;-0,005324882
Perşembe;-0,001340904
Cuma;0,018230199
Pazartesi;-0,000494209
Salı;-0,011091031
Çarşamba;-0,001271244
Perşembe;0,008410129
Pazartesi;0,01666184
Salı;0,00489936
Çarşamba;0,012579162
Perşembe;0,002006439
Cuma;-0,012957801
Pazartesi;0,01621343
Salı;0,006025249
Çarşamba;0,006980608
Perşembe;0,005137777
Cuma;0,006082181
Pazartesi;-0,004687311
Salı;-0,011203967
Çarşamba;0,004749809
Perşembe;-0,01573185
Cuma;-0,001017071
Pazartesi;-0,002157218
Salı;0,018091523
Çarşamba;0,007541669
Perşembe;-0,006628951
Cuma;0,031022518
Pazartesi;-0,001132336
Salı;-0,01106708
Çarşamba;-0,003548941
Perşembe;-0,007028867
Cuma;0,006594027
Pazartesi;-0,004562701
Salı;-0,011071521
Çarşamba;-0,021935493
Perşembe;-0,008758856
Cuma;0,002507483
Pazartesi;-0,052310004
Salı;0,013496366
Çarşamba;-0,011837832
Perşembe;0,008030387
Cuma;0,036411676
Pazartesi;-0,011147613
Salı;0,005757918
Çarşamba;0,019214335
Perşembe;0,005606343
Cuma;-0,001296357
Pazartesi;-0,003778984
Çarşamba;-0,011544983
Perşembe;-0,002262112
Cuma;-6,09347E-05
Pazartesi;0,016368956
Salı;0,004356654
Çarşamba;0,006138791
Perşembe;0,023451399
Cuma;-0,00378332
Pazartesi;-0,000339359
Salı;0,008247669
Çarşamba;0,00819928
Perşembe;-0,010038002
Cuma;0,015289955
Pazartesi;0,013815681
Salı;0,006372033
Çarşamba;-0,006943111
Perşembe;0,000187275
Cuma;-0,002033807
Pazartesi;-0,011379092
Salı;0,00568686
Çarşamba;-0,001312392
Perşembe;0,0120394
Cuma;-0,002074476
Pazartesi;0,010237028
Salı;-0,011303974
Çarşamba;0,00849458
Perşembe;0,008855669
Cuma;0,001930787
Pazartesi;-0,000762675
Salı;-0,007149576
Çarşamba;-0,00082433
Perşembe;0,02011653
Cuma;0,00328208
Pazartesi;0,005857338
Salı;-0,000468047
Çarşamba;-0,004502622
Perşembe;0,000217024
Cuma;0,005212478
Pazartesi;0,008936626
Salı;0,008680733
Çarşamba;0,001554208
Perşembe;0,002854854
Cuma;0,000272723
Pazartesi;0,009368037
Salı;-0,00287112
Perşembe;0,013084226
Cuma;-0,019581143
Pazartesi;-0,020178652
Salı;0,010597698
Çarşamba;0,002448155
Perşembe;0,044310004
Cuma;0,005696095
Pazartesi;0,013268623
Salı;0,009715724
Çarşamba;-0,003994031
Perşembe;0,000512524
Cuma;0,00390967
Pazartesi;0,009381662
Salı;0,007604352
Çarşamba;-0,006569168
Perşembe;-0,001687819
Cuma;-0,003253205
Pazartesi;-0,01644334
Salı;-0,002900582
Çarşamba;-0,000943668
Perşembe;0,001344249
Cuma;-0,005941689
Pazartesi;0,000864156
Salı;0,02397175
Çarşamba;0,001513559
Perşembe;-0,000302529
Cuma;-0,010431703
Pazartesi;-0,022335767
Salı;0,012228253
Çarşamba;0,002093002
Perşembe;0,004089951
Cuma;-0,003240659
Pazartesi;0,005320773
Salı;-0,010134632
Çarşamba;-0,00316623
Perşembe;-0,030269985
Cuma;0,010212115
Pazartesi;-0,017615667
Salı;-0,003700572
Çarşamba;0,007022892
Perşembe;-0,042144816
Cuma;-0,040890675
Pazartesi;0,012339353
Salı;0,035671488
Çarşamba;-0,003801943
Perşembe;0,009254334
Cuma;-0,019999221
Pazartesi;-0,057043029
Salı;-0,024059385
Çarşamba;-0,000960258
Perşembe;-0,075336863
Cuma;0,020778157
Pazartesi;-0,084161843
Salı;-0,012710143
Çarşamba;-0,013936578
Perşembe;-0,004473809
Cuma;0,007029639
Pazartesi;-0,018231295
Salı;0,05810361
Çarşamba;-0,002500716
Perşembe;0,027300952
Cuma;-0,037888675
Pazartesi;-0,000749217
Salı;0,017839227
Çarşamba;-0,006255301
Perşembe;0,004770553
Cuma;0,000469106
Pazartesi;0,02772939
Salı;0,003372136
Çarşamba;0,009083772
Perşembe;0,027601602
Cuma;0,006624917
Pazartesi;-0,000746617
Salı;0,022068205
Çarşamba;-0,027727401
Perşembe;0,004101951
Cuma;0,019863945
Pazartesi;0,007771718
Salı;-0,0135021
Çarşamba;0,005638709
Cuma;0,005971683
Pazartesi;0,025078054
Salı;-0,005545282
Çarşamba;0,008779011
Perşembe;-0,004785288
Pazartesi;-0,022686417
Salı;-0,001052738
Çarşamba;-0,001692777
Perşembe;-0,001746459
Cuma;-0,005646047
Pazartesi;-0,00054182
Salı;0,01848002
Çarşamba;0,005436129
Perşembe;-0,009691476
Cuma;0,005780043
Pazartesi;0,021958642
Çarşamba;0,001714502
Perşembe;0,004794767
Cuma;0,003646569
Çarşamba;0,018560188
Perşembe;0,003860899
Cuma;0,001517451
Pazartesi;0,016411222
Salı;0,007717241
Çarşamba;0,009336741
Perşembe;0,003896679
Cuma;0,004417954
Pazartesi;-0,003505437
Salı;-0,003655075
Çarşamba;0,00494942
Perşembe;-0,005700363
Cuma;0,006210349
Pazartesi;-0,002543406
Salı;0,012553681
Çarşamba;0
Perşembe;0,013919262
Cuma;0,009880358
Pazartesi;0,013793804
Salı;0,001292679
Çarşamba;-0,007746309
Perşembe;-0,002712305
Cuma;0,004623993
Pazartesi;0,01019483
Salı;0,005870016
Çarşamba;-0,010438328
Perşembe;0,013719786
Cuma;-0,009971886
Pazartesi;0,023370956
Salı;0,007181812
Çarşamba;-0,005259367
Perşembe;-0,024896065
Cuma;-0,008542872
Pazartesi;0,030790398
Salı;-0,00557298
Perşembe;0,009021448
Cuma;-0,00018519
Pazartesi;0,004158499
Salı;-0,010441561
Çarşamba;0,000321868
Perşembe;0,008021603
Cuma;0,00143557
Pazartesi;0,003057351
Salı;-0,036599681
Çarşamba;-0,014989902
Perşembe;-0,007646615
Salı;-0,035901709
Çarşamba;0,004258919
Perşembe;-0,054006162
Cuma;0,025003809
Pazartesi;0,013978909
Salı;0,031600794
Çarşamba;0,003713649
Perşembe;-0,012572193
Cuma;-0,015045451
Pazartesi;0,002184302
Salı;0,005746667
Çarşamba;0,029093191
Perşembe;0,001856532
Cuma;-0,015129856
Pazartesi;-0,00129828
Salı;-0,014796235
Çarşamba;0,006261487
Perşembe;0,008976713
Cuma;-0,007585532
Pazartesi;-0,02013688
Salı;0,006081912
Çarşamba;-0,001180213
Perşembe;-0,007008477
Cuma;0,00922944
Pazartesi;0,009610129
Salı;-0,00659531
Çarşamba;0,009208572
Perşembe;-0,000563959
Cuma;0,003306449
Pazartesi;0,004153871
Salı;0,00356092
Çarşamba;-0,003723492
Perşembe;0,003201417
Cuma;0,001169791
Pazartesi;-0,022675017
Salı;0,008363957
Çarşamba;0,00590321
Perşembe;0,015219377
Cuma;0,004109235
Pazartesi;-0,002672203
Salı;0,001853486
Çarşamba;0,019387953
Perşembe;-0,001511743
Cuma;0,001328358
Pazartesi;0,013601049
Salı;-0,00604905
Çarşamba;-0,001127435
Perşembe;-0,001667463
Cuma;0,013133826
Pazartesi;0,01079339
Salı;-0,003102359
Çarşamba;0,012343695
Perşembe;-0,007477712
Cuma;0,010366018
Pazartesi;0,010541776
Salı;0,004172571
Çarşamba;0,00090837
Perşembe;-0,01094694
Cuma;-0,006437997
Pazartesi;-0,039558407
Salı;0,007122116
Çarşamba;-0,022495926
Cuma;-0,013057488
Pazartesi;0,018896714
Salı;0,014989555
Çarşamba;0,014614039
Perşembe;0,010538206
Cuma;0,010067624
Pazartesi;0,032666408
Salı;0,009262394
Çarşamba;0,028722705
Perşembe;-0,005856612
Cuma;0,015247814
Pazartesi;0,001315647
Salı;-0,026067892
Çarşamba;0,027404982
Perşembe;0,014035372
Cuma;0,008289865
Pazartesi;-0,007353532
Salı;0,005107725
Çarşamba;0,003393228
Perşembe;0,012758985
Cuma;-0,0103025
Pazartesi;-0,03457055
Salı;0,031978254
Çarşamba;0,000150899
Perşembe;0,004035633
Cuma;1,50279E-05
Pazartesi;-0,000729112
Salı;0,00748377
Çarşamba;0,00775408
Perşembe;0,002248788
Cuma;0,012731169
Pazartesi;0,012938479
Salı;0,004921075
Çarşamba;-0,002116327
Perşembe;0,004950204
Cuma;0,006382515
Pazartesi;-0,017109002
Salı;0,014727448
Çarşamba;0,008991675
Perşembe;0,005865697
Cuma;2,10376E-05
Pazartesi;0,009255577
Salı;0,014074148
Çarşamba;0,013757191
Perşembe;-0,002157863
Pazartesi;0,012590379
Salı;-0,003933017
Çarşamba;0,010591155
Perşembe;0,011111005
Cuma;0,011995508
Pazartesi;-0,002873117
Salı;0,008646334
Çarşamba;0,006272517
Perşembe;-0,008165203
Cuma;-0,014399045
Pazartesi;0,020953234
Salı;0,005279052
Çarşamba;0,002769307
Perşembe;-0,011394199
Cuma;-0,00589526
Pazartesi;-0,001453291
Salı;-0,002665524
Çarşamba;-0,046033748
Perşembe;0,021124981
Cuma;-0,016737891
Pazartesi;0,012812475
Salı;0,012637158
Çarşamba;0,014529087
Perşembe;0,000879923
Cuma;-0,005048883
Pazartesi;0,005055398
Salı;0,005937087
Çarşamba;0,00197984
Perşembe;-0,00098296
Cuma;-0,004636798
Pazartesi;0,015511787
Salı;-0,012668792
Çarşamba;-0,001446451
Perşembe;0,003770656
Cuma;0,008967631
Pazartesi;-0,006255344
Salı;-0,021346954
Çarşamba;-0,023220899
Perşembe;0,003493506
Cuma;-0,011366523
Pazartesi;0,037392146
Salı;0,000896518
Çarşamba;0,001457579
Perşembe;0,004555104
Cuma;0,002558426
Pazartesi;-0,007623114
Salı;0,012262203
Çarşamba;0,010141091
Perşembe;-0,005414198
Cuma;0,000578057
Pazartesi;-0,001233592
Salı;0,009565349
Çarşamba;-0,005305628
Perşembe;-0,00718272
Cuma;-0,014247364
Pazartesi;-0,103067514
Salı;-0,001320429
Çarşamba;0,026104109
Perşembe;-0,013888024
Cuma;-0,008795271
Pazartesi;0,007510703
Salı;0,002309602
Çarşamba;-0,002912986
Perşembe;0,024718374
Cuma;0,002541351
Pazartesi;0,008265344
Salı;-0,015000369
Çarşamba;-0,001902427
Perşembe;-0,000945513
Cuma;-0,016592368
Pazartesi;-0,01251664
Salı;0,001786311
Çarşamba;0,02211343
Perşembe;-0,001015283
Cuma;0,000269896
Pazartesi;-0,022195449
Salı;-0,008722024
Çarşamba;-0,025812432
Perşembe;0,010965752
Pazartesi;0,021220663
Salı;0,013015368
Çarşamba;-0,004384598
Perşembe;0,011200398
Cuma;-0,002643482
Pazartesi;0,016552523
Salı;-0,00345387
Çarşamba;0,002644338
Perşembe;0,005428899
Cuma;0,009480528
Pazartesi;0,013486386
Salı;-0,011033332
Çarşamba;-0,002453054
Pazartesi;0,008924005
Salı;0,003651568
Perşembe;-0,006702461
Cuma;0,001392307
Pazartesi;0,000234158
Salı;-0,036436509
Çarşamba;0,018987017
Perşembe;-0,008465652
Cuma;0,004955792
Pazartesi;-0,001104642
Salı;0,008098119
Çarşamba;-0,000915198
Perşembe;-0,001818907
Cuma;0,003355403
Pazartesi;0,009826434
Salı;0,000352372
Çarşamba;0,001090874
Perşembe;0,005168895
Cuma;0,00286543
Pazartesi;-0,004535
Salı;-0,008070991
Çarşamba;-0,007829204
Perşembe;-0,012061465
Cuma;-0,016462597
Pazartesi;0,005348488
Salı;0,008068781
Çarşamba;-0,005333915
Perşembe;0,00600043
Cuma;-0,013508849
Pazartesi;-0,013460789
Salı;-0,001151218
Çarşamba;-0,01123908
Perşembe;0,012047985
Cuma;0,002829659
Pazartesi;0,011533687
Salı;-0,007249907
Çarşamba;0,005769607
Perşembe;-0,012737366
Cuma;0,003852785
Pazartesi;-0,015589441
Salı;-0,007485796
Çarşamba;0,015040315
Cuma;-0,002907862
Pazartesi;-0,008611884
Pazartesi;-0,001836561
Salı;0,007708647
Çarşamba;0,000882256
Perşembe;0,022446889
Cuma;0,000912176
Pazartesi;0,004827121
Salı;0,006523171
Çarşamba;0,003535738
Perşembe;0,012637311
Cuma;0,002079162
Pazartesi;-0,001499632
Salı;0,003379712
Çarşamba;-0,018671132
Perşembe;0,023529014
Cuma;0,002199095
Pazartesi;0,005243063
Salı;0,004415593
Çarşamba;-0,008312543
Perşembe;-0,006734871
Cuma;0,003307347
Pazartesi;0,010124193
Salı;0,00448514
Çarşamba;-0,008625734
Perşembe;-0,003294487
Cuma;0,006681026
Salı;0,009446202
Çarşamba;0,001398412
Perşembe;0,003379331
Cuma;-0,007090087
Pazartesi;0,004110912
Salı;-0,013640951
Çarşamba;-0,014464056
Perşembe;0,013040108
Cuma;-0,009649413
Pazartesi;-0,000305874
Salı;-0,002680397
Çarşamba;-0,007318812
Perşembe;-0,004180161
Cuma;0,000986798
Pazartesi;-0,019578478
Salı;-0,004536429
Çarşamba;0,015646186
Perşembe;-0,004272111
Cuma;-0,012045484
Pazartesi;0,005085697
Salı;-0,005743104
Çarşamba;0,005872431
Perşembe;0,010342049
Cuma;-0,003511587
Pazartesi;-0,00507185
Salı;-0,001952607
Çarşamba;-0,014446537
Perşembe;0,018226257
Cuma;0,000772831
Pazartesi;0,013005193
Salı;0,000367086
Çarşamba;-0,002317727
Perşembe;-0,001267127
Cuma;-0,001552471
Pazartesi;0,005758241
Salı;0,008533704
Çarşamba;0,002061028
Perşembe;0,015663947
Cuma;0,016700271
Pazartesi;0,008745843
Salı;0,010839077
Çarşamba;0,006637083
Perşembe;0,001834748
Pazartesi;0,009338406
Salı;-0,002130731
Çarşamba;0,009077749
Perşembe;0,018343615
Cuma;0,005013843
Pazartesi;0,015632514
Salı;0,004404228
Çarşamba;0,005216496
Perşembe;0,000597079
Cuma;0,008236451
Pazartesi;0,038310696
Salı;-0,009970302
Çarşamba;0,012639293
Perşembe;0,017329524
Cuma;0,000259052
Pazartesi;0,010392872
Salı;0,016429562
Çarşamba;0,015424871
Perşembe;0,003816578
Cuma;-0,023818861
Pazartesi;0,01806364
Salı;0,000475343
Çarşamba;0,026044204
